month,requested_dong,file,dong_cluster
202401,고등동,202401_고등동.xlsx,고등동
202401,구미1동,202401_구미1동.xlsx,구미동
202401,구미동,202401_구미동.xlsx,구미동
202401,금곡동,202401_금곡동.xlsx,금곡동
202401,금광1동,202401_금광1동.xlsx,금광동
202401,금광2동,202401_금광2동.xlsx,금광동
202401,단대동,202401_단대동.xlsx,단대동
202401,도촌동,202401_도촌동.xlsx,도촌동
202401,백현동,202401_백현동.xlsx,백현동
202401,복정동,202401_복정동.xlsx,복정동
202401,분당동,202401_분당동.xlsx,분당동
202401,산성동,202401_산성동.xlsx,산성동
202401,삼평동,202401_삼평동.xlsx,삼평동
202401,상대원1동,202401_상대원1동.xlsx,상대원동
202401,상대원2동,202401_상대원2동.xlsx,상대원동
202401,상대원3동,202401_상대원3동.xlsx,상대원동
202401,서현1동,202401_서현1동.xlsx,서현동
202401,서현2동,202401_서현2동.xlsx,서현동
202401,성남동,202401_성남동.xlsx,성남동
202401,수내1동,202401_수내1동.xlsx,수내동
202401,수내2동,202401_수내2동.xlsx,수내동
202401,수내3동,202401_수내3동.xlsx,수내동
202401,수진1동,202401_수진1동.xlsx,수진동
202401,수진2동,202401_수진2동.xlsx,수진동
202401,시흥동,202401_시흥동.xlsx,시흥동
202401,신촌동,202401_신촌동.xlsx,신촌동
202401,신흥1동,202401_신흥1동.xlsx,신흥동
202401,신흥2동,202401_신흥2동.xlsx,신흥동
202401,신흥3동,202401_신흥3동.xlsx,신흥동
202401,야탑1동,202401_야탑1동.xlsx,야탑동
202401,야탑2동,202401_야탑2동.xlsx,야탑동
202401,야탑3동,202401_야탑3동.xlsx,야탑동
202401,양지동,202401_양지동.xlsx,양지동
202401,운중동,202401_운중동.xlsx,운중동
202401,위례동,202401_위례동.xlsx,위례동
202401,은행1동,202401_은행1동.xlsx,은행동
202401,은행2동,202401_은행2동.xlsx,은행동
202401,이매1동,202401_이매1동.xlsx,이매동
202401,이매2동,202401_이매2동.xlsx,이매동
202401,정자1동,202401_정자1동.xlsx,정자동
202401,정자2동,202401_정자2동.xlsx,정자동
202401,정자3동,202401_정자3동.xlsx,정자동
202401,정자동,202401_정자동.xlsx,정자동
202401,중앙동,202401_중앙동.xlsx,중앙동
202401,태평1동,202401_태평1동.xlsx,태평동
202401,태평2동,202401_태평2동.xlsx,태평동
202401,태평3동,202401_태평3동.xlsx,태평동
202401,태평4동,202401_태평4동.xlsx,태평동
202401,판교동,202401_판교동.xlsx,판교동
202401,하대원동,202401_하대원동.xlsx,하대원동
202402,고등동,202402_고등동.xlsx,고등동
202402,구미1동,202402_구미1동.xlsx,구미동
202402,구미동,202402_구미동.xlsx,구미동
202402,금곡동,202402_금곡동.xlsx,금곡동
202402,금광1동,202402_금광1동.xlsx,금광동
202402,금광2동,202402_금광2동.xlsx,금광동
202402,단대동,202402_단대동.xlsx,단대동
202402,도촌동,202402_도촌동.xlsx,도촌동
202402,백현동,202402_백현동.xlsx,백현동
202402,복정동,202402_복정동.xlsx,복정동
202402,분당동,202402_분당동.xlsx,분당동
202402,산성동,202402_산성동.xlsx,산성동
202402,삼평동,202402_삼평동.xlsx,삼평동
202402,상대원1동,202402_상대원1동.xlsx,상대원동
202402,상대원2동,202402_상대원2동.xlsx,상대원동
202402,상대원3동,202402_상대원3동.xlsx,상대원동
202402,서현1동,202402_서현1동.xlsx,서현동
202402,서현2동,202402_서현2동.xlsx,서현동
202402,성남동,202402_성남동.xlsx,성남동
202402,수내1동,202402_수내1동.xlsx,수내동
202402,수내2동,202402_수내2동.xlsx,수내동
202402,수내3동,202402_수내3동.xlsx,수내동
202402,수진1동,202402_수진1동.xlsx,수진동
202402,수진2동,202402_수진2동.xlsx,수진동
202402,시흥동,202402_시흥동.xlsx,시흥동
202402,신촌동,202402_신촌동.xlsx,신촌동
202402,신흥1동,202402_신흥1동.xlsx,신흥동
202402,신흥2동,202402_신흥2동.xlsx,신흥동
202402,신흥3동,202402_신흥3동.xlsx,신흥동
202402,야탑1동,202402_야탑1동.xlsx,야탑동
202402,야탑2동,202402_야탑2동.xlsx,야탑동
202402,야탑3동,202402_야탑3동.xlsx,야탑동
202402,양지동,202402_양지동.xlsx,양지동
202402,운중동,202402_운중동.xlsx,운중동
202402,위례동,202402_위례동.xlsx,위례동
202402,은행1동,202402_은행1동.xlsx,은행동
202402,은행2동,202402_은행2동.xlsx,은행동
202402,이매1동,202402_이매1동.xlsx,이매동
202402,이매2동,202402_이매2동.xlsx,이매동
202402,정자1동,202402_정자1동.xlsx,정자동
202402,정자2동,202402_정자2동.xlsx,정자동
202402,정자3동,202402_정자3동.xlsx,정자동
202402,정자동,202402_정자동.xlsx,정자동
202402,중앙동,202402_중앙동.xlsx,중앙동
202402,태평1동,202402_태평1동.xlsx,태평동
202402,태평2동,202402_태평2동.xlsx,태평동
202402,태평3동,202402_태평3동.xlsx,태평동
202402,태평4동,202402_태평4동.xlsx,태평동
202402,판교동,202402_판교동.xlsx,판교동
202402,하대원동,202402_하대원동.xlsx,하대원동
202403,고등동,202403_고등동.xlsx,고등동
202403,구미1동,202403_구미1동.xlsx,구미동
202403,구미동,202403_구미동.xlsx,구미동
202403,금곡동,202403_금곡동.xlsx,금곡동
202403,금광1동,202403_금광1동.xlsx,금광동
202403,금광2동,202403_금광2동.xlsx,금광동
202403,단대동,202403_단대동.xlsx,단대동
202403,도촌동,202403_도촌동.xlsx,도촌동
202403,백현동,202403_백현동.xlsx,백현동
202403,복정동,202403_복정동.xlsx,복정동
202403,분당동,202403_분당동.xlsx,분당동
202403,산성동,202403_산성동.xlsx,산성동
202403,삼평동,202403_삼평동.xlsx,삼평동
202403,상대원1동,202403_상대원1동.xlsx,상대원동
202403,상대원2동,202403_상대원2동.xlsx,상대원동
202403,상대원3동,202403_상대원3동.xlsx,상대원동
202403,서현1동,202403_서현1동.xlsx,서현동
202403,서현2동,202403_서현2동.xlsx,서현동
202403,성남동,202403_성남동.xlsx,성남동
202403,수내1동,202403_수내1동.xlsx,수내동
202403,수내2동,202403_수내2동.xlsx,수내동
202403,수내3동,202403_수내3동.xlsx,수내동
202403,수진1동,202403_수진1동.xlsx,수진동
202403,수진2동,202403_수진2동.xlsx,수진동
202403,시흥동,202403_시흥동.xlsx,시흥동
202403,신촌동,202403_신촌동.xlsx,신촌동
202403,신흥1동,202403_신흥1동.xlsx,신흥동
202403,신흥2동,202403_신흥2동.xlsx,신흥동
202403,신흥3동,202403_신흥3동.xlsx,신흥동
202403,야탑1동,202403_야탑1동.xlsx,야탑동
202403,야탑2동,202403_야탑2동.xlsx,야탑동
202403,야탑3동,202403_야탑3동.xlsx,야탑동
202403,양지동,202403_양지동.xlsx,양지동
202403,운중동,202403_운중동.xlsx,운중동
202403,위례동,202403_위례동.xlsx,위례동
202403,은행1동,202403_은행1동.xlsx,은행동
202403,은행2동,202403_은행2동.xlsx,은행동
202403,이매1동,202403_이매1동.xlsx,이매동
202403,이매2동,202403_이매2동.xlsx,이매동
202403,정자1동,202403_정자1동.xlsx,정자동
202403,정자2동,202403_정자2동.xlsx,정자동
202403,정자3동,202403_정자3동.xlsx,정자동
202403,정자동,202403_정자동.xlsx,정자동
202403,중앙동,202403_중앙동.xlsx,중앙동
202403,태평1동,202403_태평1동.xlsx,태평동
202403,태평2동,202403_태평2동.xlsx,태평동
202403,태평3동,202403_태평3동.xlsx,태평동
202403,태평4동,202403_태평4동.xlsx,태평동
202403,판교동,202403_판교동.xlsx,판교동
202403,하대원동,202403_하대원동.xlsx,하대원동
202404,고등동,202404_고등동.xlsx,고등동
202404,구미1동,202404_구미1동.xlsx,구미동
202404,구미동,202404_구미동.xlsx,구미동
202404,금곡동,202404_금곡동.xlsx,금곡동
202404,금광1동,202404_금광1동.xlsx,금광동
202404,금광2동,202404_금광2동.xlsx,금광동
202404,단대동,202404_단대동.xlsx,단대동
202404,도촌동,202404_도촌동.xlsx,도촌동
202404,백현동,202404_백현동.xlsx,백현동
202404,복정동,202404_복정동.xlsx,복정동
202404,분당동,202404_분당동.xlsx,분당동
202404,산성동,202404_산성동.xlsx,산성동
202404,삼평동,202404_삼평동.xlsx,삼평동
202404,상대원1동,202404_상대원1동.xlsx,상대원동
202404,상대원2동,202404_상대원2동.xlsx,상대원동
202404,상대원3동,202404_상대원3동.xlsx,상대원동
202404,서현1동,202404_서현1동.xlsx,서현동
202404,서현2동,202404_서현2동.xlsx,서현동
202404,성남동,202404_성남동.xlsx,성남동
202404,수내1동,202404_수내1동.xlsx,수내동
202404,수내2동,202404_수내2동.xlsx,수내동
202404,수내3동,202404_수내3동.xlsx,수내동
202404,수진1동,202404_수진1동.xlsx,수진동
202404,수진2동,202404_수진2동.xlsx,수진동
202404,시흥동,202404_시흥동.xlsx,시흥동
202404,신촌동,202404_신촌동.xlsx,신촌동
202404,신흥1동,202404_신흥1동.xlsx,신흥동
202404,신흥2동,202404_신흥2동.xlsx,신흥동
202404,신흥3동,202404_신흥3동.xlsx,신흥동
202404,야탑1동,202404_야탑1동.xlsx,야탑동
202404,야탑2동,202404_야탑2동.xlsx,야탑동
202404,야탑3동,202404_야탑3동.xlsx,야탑동
202404,양지동,202404_양지동.xlsx,양지동
202404,운중동,202404_운중동.xlsx,운중동
202404,위례동,202404_위례동.xlsx,위례동
202404,은행1동,202404_은행1동.xlsx,은행동
202404,은행2동,202404_은행2동.xlsx,은행동
202404,이매1동,202404_이매1동.xlsx,이매동
202404,이매2동,202404_이매2동.xlsx,이매동
202404,정자1동,202404_정자1동.xlsx,정자동
202404,정자2동,202404_정자2동.xlsx,정자동
202404,정자3동,202404_정자3동.xlsx,정자동
202404,정자동,202404_정자동.xlsx,정자동
202404,중앙동,202404_중앙동.xlsx,중앙동
202404,태평1동,202404_태평1동.xlsx,태평동
202404,태평2동,202404_태평2동.xlsx,태평동
202404,태평3동,202404_태평3동.xlsx,태평동
202404,태평4동,202404_태평4동.xlsx,태평동
202404,판교동,202404_판교동.xlsx,판교동
202404,하대원동,202404_하대원동.xlsx,하대원동
202405,고등동,202405_고등동.xlsx,고등동
202405,구미1동,202405_구미1동.xlsx,구미동
202405,구미동,202405_구미동.xlsx,구미동
202405,금곡동,202405_금곡동.xlsx,금곡동
202405,금광1동,202405_금광1동.xlsx,금광동
202405,금광2동,202405_금광2동.xlsx,금광동
202405,단대동,202405_단대동.xlsx,단대동
202405,도촌동,202405_도촌동.xlsx,도촌동
202405,백현동,202405_백현동.xlsx,백현동
202405,복정동,202405_복정동.xlsx,복정동
202405,분당동,202405_분당동.xlsx,분당동
202405,산성동,202405_산성동.xlsx,산성동
202405,삼평동,202405_삼평동.xlsx,삼평동
202405,상대원1동,202405_상대원1동.xlsx,상대원동
202405,상대원2동,202405_상대원2동.xlsx,상대원동
202405,상대원3동,202405_상대원3동.xlsx,상대원동
202405,서현1동,202405_서현1동.xlsx,서현동
202405,서현2동,202405_서현2동.xlsx,서현동
202405,성남동,202405_성남동.xlsx,성남동
202405,수내1동,202405_수내1동.xlsx,수내동
202405,수내2동,202405_수내2동.xlsx,수내동
202405,수내3동,202405_수내3동.xlsx,수내동
202405,수진1동,202405_수진1동.xlsx,수진동
202405,수진2동,202405_수진2동.xlsx,수진동
202405,시흥동,202405_시흥동.xlsx,시흥동
202405,신촌동,202405_신촌동.xlsx,신촌동
202405,신흥1동,202405_신흥1동.xlsx,신흥동
202405,신흥2동,202405_신흥2동.xlsx,신흥동
202405,신흥3동,202405_신흥3동.xlsx,신흥동
202405,야탑1동,202405_야탑1동.xlsx,야탑동
202405,야탑2동,202405_야탑2동.xlsx,야탑동
202405,야탑3동,202405_야탑3동.xlsx,야탑동
202405,양지동,202405_양지동.xlsx,양지동
202405,운중동,202405_운중동.xlsx,운중동
202405,위례동,202405_위례동.xlsx,위례동
202405,은행1동,202405_은행1동.xlsx,은행동
202405,은행2동,202405_은행2동.xlsx,은행동
202405,이매1동,202405_이매1동.xlsx,이매동
202405,이매2동,202405_이매2동.xlsx,이매동
202405,정자1동,202405_정자1동.xlsx,정자동
202405,정자2동,202405_정자2동.xlsx,정자동
202405,정자3동,202405_정자3동.xlsx,정자동
202405,정자동,202405_정자동.xlsx,정자동
202405,중앙동,202405_중앙동.xlsx,중앙동
202405,태평1동,202405_태평1동.xlsx,태평동
202405,태평2동,202405_태평2동.xlsx,태평동
202405,태평3동,202405_태평3동.xlsx,태평동
202405,태평4동,202405_태평4동.xlsx,태평동
202405,판교동,202405_판교동.xlsx,판교동
202405,하대원동,202405_하대원동.xlsx,하대원동
202406,고등동,202406_고등동.xlsx,고등동
202406,구미1동,202406_구미1동.xlsx,구미동
202406,구미동,202406_구미동.xlsx,구미동
202406,금곡동,202406_금곡동.xlsx,금곡동
202406,금광1동,202406_금광1동.xlsx,금광동
202406,금광2동,202406_금광2동.xlsx,금광동
202406,단대동,202406_단대동.xlsx,단대동
202406,도촌동,202406_도촌동.xlsx,도촌동
202406,백현동,202406_백현동.xlsx,백현동
202406,복정동,202406_복정동.xlsx,복정동
202406,분당동,202406_분당동.xlsx,분당동
202406,산성동,202406_산성동.xlsx,산성동
202406,삼평동,202406_삼평동.xlsx,삼평동
202406,상대원1동,202406_상대원1동.xlsx,상대원동
202406,상대원2동,202406_상대원2동.xlsx,상대원동
202406,상대원3동,202406_상대원3동.xlsx,상대원동
202406,서현1동,202406_서현1동.xlsx,서현동
202406,서현2동,202406_서현2동.xlsx,서현동
202406,성남동,202406_성남동.xlsx,성남동
202406,수내1동,202406_수내1동.xlsx,수내동
202406,수내2동,202406_수내2동.xlsx,수내동
202406,수내3동,202406_수내3동.xlsx,수내동
202406,수진1동,202406_수진1동.xlsx,수진동
202406,수진2동,202406_수진2동.xlsx,수진동
202406,시흥동,202406_시흥동.xlsx,시흥동
202406,신촌동,202406_신촌동.xlsx,신촌동
202406,신흥1동,202406_신흥1동.xlsx,신흥동
202406,신흥2동,202406_신흥2동.xlsx,신흥동
202406,신흥3동,202406_신흥3동.xlsx,신흥동
202406,야탑1동,202406_야탑1동.xlsx,야탑동
202406,야탑2동,202406_야탑2동.xlsx,야탑동
202406,야탑3동,202406_야탑3동.xlsx,야탑동
202406,양지동,202406_양지동.xlsx,양지동
202406,운중동,202406_운중동.xlsx,운중동
202406,위례동,202406_위례동.xlsx,위례동
202406,은행1동,202406_은행1동.xlsx,은행동
202406,은행2동,202406_은행2동.xlsx,은행동
202406,이매1동,202406_이매1동.xlsx,이매동
202406,이매2동,202406_이매2동.xlsx,이매동
202406,정자1동,202406_정자1동.xlsx,정자동
202406,정자2동,202406_정자2동.xlsx,정자동
202406,정자3동,202406_정자3동.xlsx,정자동
202406,정자동,202406_정자동.xlsx,정자동
202406,중앙동,202406_중앙동.xlsx,중앙동
202406,태평1동,202406_태평1동.xlsx,태평동
202406,태평2동,202406_태평2동.xlsx,태평동
202406,태평3동,202406_태평3동.xlsx,태평동
202406,태평4동,202406_태평4동.xlsx,태평동
202406,판교동,202406_판교동.xlsx,판교동
202406,하대원동,202406_하대원동.xlsx,하대원동
202407,고등동,202407_고등동.xlsx,고등동
202407,구미1동,202407_구미1동.xlsx,구미동
202407,구미동,202407_구미동.xlsx,구미동
202407,금곡동,202407_금곡동.xlsx,금곡동
202407,금광1동,202407_금광1동.xlsx,금광동
202407,금광2동,202407_금광2동.xlsx,금광동
202407,단대동,202407_단대동.xlsx,단대동
202407,도촌동,202407_도촌동.xlsx,도촌동
202407,백현동,202407_백현동.xlsx,백현동
202407,복정동,202407_복정동.xlsx,복정동
202407,분당동,202407_분당동.xlsx,분당동
202407,산성동,202407_산성동.xlsx,산성동
202407,삼평동,202407_삼평동.xlsx,삼평동
202407,상대원1동,202407_상대원1동.xlsx,상대원동
202407,상대원2동,202407_상대원2동.xlsx,상대원동
202407,상대원3동,202407_상대원3동.xlsx,상대원동
202407,서현1동,202407_서현1동.xlsx,서현동
202407,서현2동,202407_서현2동.xlsx,서현동
202407,성남동,202407_성남동.xlsx,성남동
202407,수내1동,202407_수내1동.xlsx,수내동
202407,수내2동,202407_수내2동.xlsx,수내동
202407,수내3동,202407_수내3동.xlsx,수내동
202407,수진1동,202407_수진1동.xlsx,수진동
202407,수진2동,202407_수진2동.xlsx,수진동
202407,시흥동,202407_시흥동.xlsx,시흥동
202407,신촌동,202407_신촌동.xlsx,신촌동
202407,신흥1동,202407_신흥1동.xlsx,신흥동
202407,신흥2동,202407_신흥2동.xlsx,신흥동
202407,신흥3동,202407_신흥3동.xlsx,신흥동
202407,야탑1동,202407_야탑1동.xlsx,야탑동
202407,야탑2동,202407_야탑2동.xlsx,야탑동
202407,야탑3동,202407_야탑3동.xlsx,야탑동
202407,양지동,202407_양지동.xlsx,양지동
202407,운중동,202407_운중동.xlsx,운중동
202407,위례동,202407_위례동.xlsx,위례동
202407,은행1동,202407_은행1동.xlsx,은행동
202407,은행2동,202407_은행2동.xlsx,은행동
202407,이매1동,202407_이매1동.xlsx,이매동
202407,이매2동,202407_이매2동.xlsx,이매동
202407,정자1동,202407_정자1동.xlsx,정자동
202407,정자2동,202407_정자2동.xlsx,정자동
202407,정자3동,202407_정자3동.xlsx,정자동
202407,정자동,202407_정자동.xlsx,정자동
202407,중앙동,202407_중앙동.xlsx,중앙동
202407,태평1동,202407_태평1동.xlsx,태평동
202407,태평2동,202407_태평2동.xlsx,태평동
202407,태평3동,202407_태평3동.xlsx,태평동
202407,태평4동,202407_태평4동.xlsx,태평동
202407,판교동,202407_판교동.xlsx,판교동
202407,하대원동,202407_하대원동.xlsx,하대원동
202408,고등동,202408_고등동.xlsx,고등동
202408,구미1동,202408_구미1동.xlsx,구미동
202408,구미동,202408_구미동.xlsx,구미동
202408,금곡동,202408_금곡동.xlsx,금곡동
202408,금광1동,202408_금광1동.xlsx,금광동
202408,금광2동,202408_금광2동.xlsx,금광동
202408,단대동,202408_단대동.xlsx,단대동
202408,도촌동,202408_도촌동.xlsx,도촌동
202408,백현동,202408_백현동.xlsx,백현동
202408,복정동,202408_복정동.xlsx,복정동
202408,분당동,202408_분당동.xlsx,분당동
202408,산성동,202408_산성동.xlsx,산성동
202408,삼평동,202408_삼평동.xlsx,삼평동
202408,상대원1동,202408_상대원1동.xlsx,상대원동
202408,상대원2동,202408_상대원2동.xlsx,상대원동
202408,상대원3동,202408_상대원3동.xlsx,상대원동
202408,서현1동,202408_서현1동.xlsx,서현동
202408,서현2동,202408_서현2동.xlsx,서현동
202408,성남동,202408_성남동.xlsx,성남동
202408,수내1동,202408_수내1동.xlsx,수내동
202408,수내2동,202408_수내2동.xlsx,수내동
202408,수내3동,202408_수내3동.xlsx,수내동
202408,수진1동,202408_수진1동.xlsx,수진동
202408,수진2동,202408_수진2동.xlsx,수진동
202408,시흥동,202408_시흥동.xlsx,시흥동
202408,신촌동,202408_신촌동.xlsx,신촌동
202408,신흥1동,202408_신흥1동.xlsx,신흥동
202408,신흥2동,202408_신흥2동.xlsx,신흥동
202408,신흥3동,202408_신흥3동.xlsx,신흥동
202408,야탑1동,202408_야탑1동.xlsx,야탑동
202408,야탑2동,202408_야탑2동.xlsx,야탑동
202408,야탑3동,202408_야탑3동.xlsx,야탑동
202408,양지동,202408_양지동.xlsx,양지동
202408,운중동,202408_운중동.xlsx,운중동
202408,위례동,202408_위례동.xlsx,위례동
202408,은행1동,202408_은행1동.xlsx,은행동
202408,은행2동,202408_은행2동.xlsx,은행동
202408,이매1동,202408_이매1동.xlsx,이매동
202408,이매2동,202408_이매2동.xlsx,이매동
202408,정자1동,202408_정자1동.xlsx,정자동
202408,정자2동,202408_정자2동.xlsx,정자동
202408,정자3동,202408_정자3동.xlsx,정자동
202408,정자동,202408_정자동.xlsx,정자동
202408,중앙동,202408_중앙동.xlsx,중앙동
202408,태평1동,202408_태평1동.xlsx,태평동
202408,태평2동,202408_태평2동.xlsx,태평동
202408,태평3동,202408_태평3동.xlsx,태평동
202408,태평4동,202408_태평4동.xlsx,태평동
202408,판교동,202408_판교동.xlsx,판교동
202408,하대원동,202408_하대원동.xlsx,하대원동
202409,고등동,202409_고등동.xlsx,고등동
202409,구미1동,202409_구미1동.xlsx,구미동
202409,구미동,202409_구미동.xlsx,구미동
202409,금곡동,202409_금곡동.xlsx,금곡동
202409,금광1동,202409_금광1동.xlsx,금광동
202409,금광2동,202409_금광2동.xlsx,금광동
202409,단대동,202409_단대동.xlsx,단대동
202409,도촌동,202409_도촌동.xlsx,도촌동
202409,백현동,202409_백현동.xlsx,백현동
202409,복정동,202409_복정동.xlsx,복정동
202409,분당동,202409_분당동.xlsx,분당동
202409,산성동,202409_산성동.xlsx,산성동
202409,삼평동,202409_삼평동.xlsx,삼평동
202409,상대원1동,202409_상대원1동.xlsx,상대원동
202409,상대원2동,202409_상대원2동.xlsx,상대원동
202409,상대원3동,202409_상대원3동.xlsx,상대원동
202409,서현1동,202409_서현1동.xlsx,서현동
202409,서현2동,202409_서현2동.xlsx,서현동
202409,성남동,202409_성남동.xlsx,성남동
202409,수내1동,202409_수내1동.xlsx,수내동
202409,수내2동,202409_수내2동.xlsx,수내동
202409,수내3동,202409_수내3동.xlsx,수내동
202409,수진1동,202409_수진1동.xlsx,수진동
202409,수진2동,202409_수진2동.xlsx,수진동
202409,시흥동,202409_시흥동.xlsx,시흥동
202409,신촌동,202409_신촌동.xlsx,신촌동
202409,신흥1동,202409_신흥1동.xlsx,신흥동
202409,신흥2동,202409_신흥2동.xlsx,신흥동
202409,신흥3동,202409_신흥3동.xlsx,신흥동
202409,야탑1동,202409_야탑1동.xlsx,야탑동
202409,야탑2동,202409_야탑2동.xlsx,야탑동
202409,야탑3동,202409_야탑3동.xlsx,야탑동
202409,양지동,202409_양지동.xlsx,양지동
202409,운중동,202409_운중동.xlsx,운중동
202409,위례동,202409_위례동.xlsx,위례동
202409,은행1동,202409_은행1동.xlsx,은행동
202409,은행2동,202409_은행2동.xlsx,은행동
202409,이매1동,202409_이매1동.xlsx,이매동
202409,이매2동,202409_이매2동.xlsx,이매동
202409,정자1동,202409_정자1동.xlsx,정자동
202409,정자2동,202409_정자2동.xlsx,정자동
202409,정자3동,202409_정자3동.xlsx,정자동
202409,정자동,202409_정자동.xlsx,정자동
202409,중앙동,202409_중앙동.xlsx,중앙동
202409,태평1동,202409_태평1동.xlsx,태평동
202409,태평2동,202409_태평2동.xlsx,태평동
202409,태평3동,202409_태평3동.xlsx,태평동
202409,태평4동,202409_태평4동.xlsx,태평동
202409,판교동,202409_판교동.xlsx,판교동
202409,하대원동,202409_하대원동.xlsx,하대원동
202410,고등동,202410_고등동.xlsx,고등동
202410,구미1동,202410_구미1동.xlsx,구미동
202410,구미동,202410_구미동.xlsx,구미동
202410,금곡동,202410_금곡동.xlsx,금곡동
202410,금광1동,202410_금광1동.xlsx,금광동
202410,금광2동,202410_금광2동.xlsx,금광동
202410,단대동,202410_단대동.xlsx,단대동
202410,도촌동,202410_도촌동.xlsx,도촌동
202410,백현동,202410_백현동.xlsx,백현동
202410,복정동,202410_복정동.xlsx,복정동
202410,분당동,202410_분당동.xlsx,분당동
202410,산성동,202410_산성동.xlsx,산성동
202410,삼평동,202410_삼평동.xlsx,삼평동
202410,상대원1동,202410_상대원1동.xlsx,상대원동
202410,상대원2동,202410_상대원2동.xlsx,상대원동
202410,상대원3동,202410_상대원3동.xlsx,상대원동
202410,서현1동,202410_서현1동.xlsx,서현동
202410,서현2동,202410_서현2동.xlsx,서현동
202410,성남동,202410_성남동.xlsx,성남동
202410,수내1동,202410_수내1동.xlsx,수내동
202410,수내2동,202410_수내2동.xlsx,수내동
202410,수내3동,202410_수내3동.xlsx,수내동
202410,수진1동,202410_수진1동.xlsx,수진동
202410,수진2동,202410_수진2동.xlsx,수진동
202410,시흥동,202410_시흥동.xlsx,시흥동
202410,신촌동,202410_신촌동.xlsx,신촌동
202410,신흥1동,202410_신흥1동.xlsx,신흥동
202410,신흥2동,202410_신흥2동.xlsx,신흥동
202410,신흥3동,202410_신흥3동.xlsx,신흥동
202410,야탑1동,202410_야탑1동.xlsx,야탑동
202410,야탑2동,202410_야탑2동.xlsx,야탑동
202410,야탑3동,202410_야탑3동.xlsx,야탑동
202410,양지동,202410_양지동.xlsx,양지동
202410,운중동,202410_운중동.xlsx,운중동
202410,위례동,202410_위례동.xlsx,위례동
202410,은행1동,202410_은행1동.xlsx,은행동
202410,은행2동,202410_은행2동.xlsx,은행동
202410,이매1동,202410_이매1동.xlsx,이매동
202410,이매2동,202410_이매2동.xlsx,이매동
202410,정자1동,202410_정자1동.xlsx,정자동
202410,정자2동,202410_정자2동.xlsx,정자동
202410,정자3동,202410_정자3동.xlsx,정자동
202410,정자동,202410_정자동.xlsx,정자동
202410,중앙동,202410_중앙동.xlsx,중앙동
202410,태평1동,202410_태평1동.xlsx,태평동
202410,태평2동,202410_태평2동.xlsx,태평동
202410,태평3동,202410_태평3동.xlsx,태평동
202410,태평4동,202410_태평4동.xlsx,태평동
202410,판교동,202410_판교동.xlsx,판교동
202410,하대원동,202410_하대원동.xlsx,하대원동
202411,고등동,202411_고등동.xlsx,고등동
202411,구미1동,202411_구미1동.xlsx,구미동
202411,구미동,202411_구미동.xlsx,구미동
202411,금곡동,202411_금곡동.xlsx,금곡동
202411,금광1동,202411_금광1동.xlsx,금광동
202411,금광2동,202411_금광2동.xlsx,금광동
202411,단대동,202411_단대동.xlsx,단대동
202411,도촌동,202411_도촌동.xlsx,도촌동
202411,백현동,202411_백현동.xlsx,백현동
202411,복정동,202411_복정동.xlsx,복정동
202411,분당동,202411_분당동.xlsx,분당동
202411,산성동,202411_산성동.xlsx,산성동
202411,삼평동,202411_삼평동.xlsx,삼평동
202411,상대원1동,202411_상대원1동.xlsx,상대원동
202411,상대원2동,202411_상대원2동.xlsx,상대원동
202411,상대원3동,202411_상대원3동.xlsx,상대원동
202411,서현1동,202411_서현1동.xlsx,서현동
202411,서현2동,202411_서현2동.xlsx,서현동
202411,성남동,202411_성남동.xlsx,성남동
202411,수내1동,202411_수내1동.xlsx,수내동
202411,수내2동,202411_수내2동.xlsx,수내동
202411,수내3동,202411_수내3동.xlsx,수내동
202411,수진1동,202411_수진1동.xlsx,수진동
202411,수진2동,202411_수진2동.xlsx,수진동
202411,시흥동,202411_시흥동.xlsx,시흥동
202411,신촌동,202411_신촌동.xlsx,신촌동
202411,신흥1동,202411_신흥1동.xlsx,신흥동
202411,신흥2동,202411_신흥2동.xlsx,신흥동
202411,신흥3동,202411_신흥3동.xlsx,신흥동
202411,야탑1동,202411_야탑1동.xlsx,야탑동
202411,야탑2동,202411_야탑2동.xlsx,야탑동
202411,야탑3동,202411_야탑3동.xlsx,야탑동
202411,양지동,202411_양지동.xlsx,양지동
202411,운중동,202411_운중동.xlsx,운중동
202411,위례동,202411_위례동.xlsx,위례동
202411,은행1동,202411_은행1동.xlsx,은행동
202411,은행2동,202411_은행2동.xlsx,은행동
202411,이매1동,202411_이매1동.xlsx,이매동
202411,이매2동,202411_이매2동.xlsx,이매동
202411,정자1동,202411_정자1동.xlsx,정자동
202411,정자2동,202411_정자2동.xlsx,정자동
202411,정자3동,202411_정자3동.xlsx,정자동
202411,정자동,202411_정자동.xlsx,정자동
202411,중앙동,202411_중앙동.xlsx,중앙동
202411,태평1동,202411_태평1동.xlsx,태평동
202411,태평2동,202411_태평2동.xlsx,태평동
202411,태평3동,202411_태평3동.xlsx,태평동
202411,태평4동,202411_태평4동.xlsx,태평동
202411,판교동,202411_판교동.xlsx,판교동
202411,하대원동,202411_하대원동.xlsx,하대원동
202412,고등동,202412_고등동.xlsx,고등동
202412,구미1동,202412_구미1동.xlsx,구미동
202412,구미동,202412_구미동.xlsx,구미동
202412,금곡동,202412_금곡동.xlsx,금곡동
202412,금광1동,202412_금광1동.xlsx,금광동
202412,금광2동,202412_금광2동.xlsx,금광동
202412,단대동,202412_단대동.xlsx,단대동
202412,도촌동,202412_도촌동.xlsx,도촌동
202412,백현동,202412_백현동.xlsx,백현동
202412,복정동,202412_복정동.xlsx,복정동
202412,분당동,202412_분당동.xlsx,분당동
202412,산성동,202412_산성동.xlsx,산성동
202412,삼평동,202412_삼평동.xlsx,삼평동
202412,상대원1동,202412_상대원1동.xlsx,상대원동
202412,상대원2동,202412_상대원2동.xlsx,상대원동
202412,상대원3동,202412_상대원3동.xlsx,상대원동
202412,서현1동,202412_서현1동.xlsx,서현동
202412,서현2동,202412_서현2동.xlsx,서현동
202412,성남동,202412_성남동.xlsx,성남동
202412,수내1동,202412_수내1동.xlsx,수내동
202412,수내2동,202412_수내2동.xlsx,수내동
202412,수내3동,202412_수내3동.xlsx,수내동
202412,수진1동,202412_수진1동.xlsx,수진동
202412,수진2동,202412_수진2동.xlsx,수진동
202412,시흥동,202412_시흥동.xlsx,시흥동
202412,신촌동,202412_신촌동.xlsx,신촌동
202412,신흥1동,202412_신흥1동.xlsx,신흥동
202412,신흥2동,202412_신흥2동.xlsx,신흥동
202412,신흥3동,202412_신흥3동.xlsx,신흥동
202412,야탑1동,202412_야탑1동.xlsx,야탑동
202412,야탑2동,202412_야탑2동.xlsx,야탑동
202412,야탑3동,202412_야탑3동.xlsx,야탑동
202412,양지동,202412_양지동.xlsx,양지동
202412,운중동,202412_운중동.xlsx,운중동
202412,위례동,202412_위례동.xlsx,위례동
202412,은행1동,202412_은행1동.xlsx,은행동
202412,은행2동,202412_은행2동.xlsx,은행동
202412,이매1동,202412_이매1동.xlsx,이매동
202412,이매2동,202412_이매2동.xlsx,이매동
202412,정자1동,202412_정자1동.xlsx,정자동
202412,정자2동,202412_정자2동.xlsx,정자동
202412,정자3동,202412_정자3동.xlsx,정자동
202412,정자동,202412_정자동.xlsx,정자동
202412,중앙동,202412_중앙동.xlsx,중앙동
202412,태평1동,202412_태평1동.xlsx,태평동
202412,태평2동,202412_태평2동.xlsx,태평동
202412,태평3동,202412_태평3동.xlsx,태평동
202412,태평4동,202412_태평4동.xlsx,태평동
202412,판교동,202412_판교동.xlsx,판교동
202412,하대원동,202412_하대원동.xlsx,하대원동
