month,dong_cluster,topic_group,complaint_count,month_cluster_total,topic_share
202401,고등동,시설노후/파손,3,3,1.0
202401,구미동,불법광고물,1,31,0.03225806451612903
202401,구미동,불법주정차,7,31,0.22580645161290322
202401,구미동,시설노후/파손,23,31,0.7419354838709677
202401,궁내동,불법주정차,1,7,0.14285714285714285
202401,궁내동,시설노후/파손,6,7,0.8571428571428571
202401,금곡동,불법주정차,4,11,0.36363636363636365
202401,금곡동,시설노후/파손,7,11,0.6363636363636364
202401,금광동,불법광고물,2,90,0.022222222222222223
202401,금광동,불법주정차,7,90,0.07777777777777778
202401,금광동,생활환경,3,90,0.03333333333333333
202401,금광동,시설노후/파손,78,90,0.8666666666666667
202401,금토동,불법주정차,4,6,0.6666666666666666
202401,금토동,시설노후/파손,2,6,0.3333333333333333
202401,단대동,시설노후/파손,22,22,1.0
202401,대장동,시설노후/파손,7,7,1.0
202401,도촌동,시설노후/파손,1,1,1.0
202401,동원동,시설노후/파손,2,2,1.0
202401,백현동,불법주정차,1,21,0.047619047619047616
202401,백현동,시설노후/파손,20,21,0.9523809523809523
202401,복정동,시설노후/파손,3,3,1.0
202401,분당동,공원/녹지,1,15,0.06666666666666667
202401,분당동,시설노후/파손,14,15,0.9333333333333333
202401,삼평동,공원/녹지,1,27,0.037037037037037035
202401,삼평동,불법광고물,4,27,0.14814814814814814
202401,삼평동,불법주정차,2,27,0.07407407407407407
202401,삼평동,시설노후/파손,20,27,0.7407407407407407
202401,상대원동,불법주정차,5,54,0.09259259259259259
202401,상대원동,시설노후/파손,49,54,0.9074074074074074
202401,상적동,시설노후/파손,3,3,1.0
202401,서현동,공원/녹지,1,37,0.02702702702702703
202401,서현동,불법주정차,3,37,0.08108108108108109
202401,서현동,시설노후/파손,33,37,0.8918918918918919
202401,성남동,불법광고물,2,142,0.014084507042253521
202401,성남동,불법주정차,3,142,0.02112676056338028
202401,성남동,시설노후/파손,137,142,0.9647887323943662
202401,수내동,불법광고물,1,37,0.02702702702702703
202401,수내동,불법주정차,3,37,0.08108108108108109
202401,수내동,시설노후/파손,33,37,0.8918918918918919
202401,수진동,불법주정차,2,29,0.06896551724137931
202401,수진동,생활환경,1,29,0.034482758620689655
202401,수진동,시설노후/파손,26,29,0.896551724137931
202401,시흥동,시설노후/파손,7,7,1.0
202401,신흥동,불법주정차,3,55,0.05454545454545454
202401,신흥동,시설노후/파손,52,55,0.9454545454545454
202401,심곡동,시설노후/파손,23,23,1.0
202401,야탑동,시설노후/파손,34,34,1.0
202401,양지동,시설노후/파손,6,6,1.0
202401,여수동,시설노후/파손,4,4,1.0
202401,운중동,불법주정차,4,13,0.3076923076923077
202401,운중동,생활환경,2,13,0.15384615384615385
202401,운중동,시설노후/파손,7,13,0.5384615384615384
202401,은행동,공원/녹지,1,88,0.011363636363636364
202401,은행동,불법주정차,3,88,0.03409090909090909
202401,은행동,시설노후/파손,84,88,0.9545454545454546
202401,이매동,불법주정차,1,15,0.06666666666666667
202401,이매동,시설노후/파손,14,15,0.9333333333333333
202401,정자동,불법광고물,4,70,0.05714285714285714
202401,정자동,불법주정차,2,70,0.02857142857142857
202401,정자동,시설노후/파손,64,70,0.9142857142857143
202401,중앙동,시설노후/파손,9,9,1.0
202401,창곡동,불법광고물,1,26,0.038461538461538464
202401,창곡동,불법주정차,3,26,0.11538461538461539
202401,창곡동,생활환경,2,26,0.07692307692307693
202401,창곡동,시설노후/파손,20,26,0.7692307692307693
202401,태평동,불법광고물,1,71,0.014084507042253521
202401,태평동,불법주정차,1,71,0.014084507042253521
202401,태평동,시설노후/파손,69,71,0.971830985915493
202401,판교동,불법주정차,2,25,0.08
202401,판교동,시설노후/파손,23,25,0.92
202401,하대원동,불법주정차,2,45,0.044444444444444446
202401,하대원동,시설노후/파손,43,45,0.9555555555555556
202402,고등동,생활환경,1,3,0.3333333333333333
202402,고등동,시설노후/파손,2,3,0.6666666666666666
202402,구미동,공원/녹지,1,26,0.038461538461538464
202402,구미동,불법주정차,2,26,0.07692307692307693
202402,구미동,시설노후/파손,23,26,0.8846153846153846
202402,궁내동,시설노후/파손,9,9,1.0
202402,금곡동,불법광고물,1,8,0.125
202402,금곡동,불법주정차,4,8,0.5
202402,금곡동,시설노후/파손,3,8,0.375
202402,금광동,불법광고물,1,112,0.008928571428571428
202402,금광동,불법주정차,9,112,0.08035714285714286
202402,금광동,시설노후/파손,102,112,0.9107142857142857
202402,금토동,시설노후/파손,6,6,1.0
202402,단대동,시설노후/파손,21,21,1.0
202402,대장동,불법광고물,1,4,0.25
202402,대장동,시설노후/파손,3,4,0.75
202402,도촌동,불법광고물,2,16,0.125
202402,도촌동,생활환경,1,16,0.0625
202402,도촌동,시설노후/파손,13,16,0.8125
202402,백현동,불법주정차,1,22,0.045454545454545456
202402,백현동,생활환경,2,22,0.09090909090909091
202402,백현동,시설노후/파손,19,22,0.8636363636363636
202402,복정동,시설노후/파손,4,4,1.0
202402,분당동,시설노후/파손,8,8,1.0
202402,산성동,시설노후/파손,2,2,1.0
202402,삼평동,불법광고물,2,14,0.14285714285714285
202402,삼평동,불법주정차,1,14,0.07142857142857142
202402,삼평동,시설노후/파손,11,14,0.7857142857142857
202402,상대원동,불법주정차,3,58,0.05172413793103448
202402,상대원동,생활환경,1,58,0.017241379310344827
202402,상대원동,시설노후/파손,54,58,0.9310344827586207
202402,서현동,불법광고물,4,34,0.11764705882352941
202402,서현동,불법주정차,1,34,0.029411764705882353
202402,서현동,시설노후/파손,29,34,0.8529411764705882
202402,성남동,불법광고물,2,142,0.014084507042253521
202402,성남동,불법주정차,5,142,0.035211267605633804
202402,성남동,시설노후/파손,135,142,0.9507042253521126
202402,수내동,불법광고물,1,32,0.03125
202402,수내동,불법주정차,2,32,0.0625
202402,수내동,시설노후/파손,29,32,0.90625
202402,수진동,불법광고물,1,26,0.038461538461538464
202402,수진동,불법주정차,3,26,0.11538461538461539
202402,수진동,생활환경,1,26,0.038461538461538464
202402,수진동,시설노후/파손,21,26,0.8076923076923077
202402,시흥동,불법주정차,2,14,0.14285714285714285
202402,시흥동,시설노후/파손,12,14,0.8571428571428571
202402,신흥동,공원/녹지,1,28,0.03571428571428571
202402,신흥동,시설노후/파손,27,28,0.9642857142857143
202402,심곡동,시설노후/파손,24,24,1.0
202402,야탑동,불법광고물,1,42,0.023809523809523808
202402,야탑동,불법주정차,6,42,0.14285714285714285
202402,야탑동,시설노후/파손,35,42,0.8333333333333334
202402,양지동,시설노후/파손,1,1,1.0
202402,여수동,시설노후/파손,3,3,1.0
202402,오야동,시설노후/파손,2,2,1.0
202402,운중동,불법주정차,1,15,0.06666666666666667
202402,운중동,시설노후/파손,14,15,0.9333333333333333
202402,은행동,불법주정차,1,88,0.011363636363636364
202402,은행동,시설노후/파손,87,88,0.9886363636363636
202402,이매동,불법주정차,1,7,0.14285714285714285
202402,이매동,시설노후/파손,6,7,0.8571428571428571
202402,정자동,불법광고물,3,40,0.075
202402,정자동,불법주정차,5,40,0.125
202402,정자동,시설노후/파손,32,40,0.8
202402,중앙동,시설노후/파손,38,38,1.0
202402,창곡동,불법광고물,2,17,0.11764705882352941
202402,창곡동,불법주정차,5,17,0.29411764705882354
202402,창곡동,생활환경,1,17,0.058823529411764705
202402,창곡동,시설노후/파손,9,17,0.5294117647058824
202402,태평동,불법주정차,7,34,0.20588235294117646
202402,태평동,시설노후/파손,27,34,0.7941176470588235
202402,판교동,불법주정차,2,19,0.10526315789473684
202402,판교동,시설노후/파손,17,19,0.8947368421052632
202402,하대원동,불법광고물,1,64,0.015625
202402,하대원동,불법주정차,2,64,0.03125
202402,하대원동,시설노후/파손,61,64,0.953125
202403,고등동,불법주정차,1,12,0.08333333333333333
202403,고등동,시설노후/파손,11,12,0.9166666666666666
202403,구미동,불법광고물,1,29,0.034482758620689655
202403,구미동,불법주정차,2,29,0.06896551724137931
202403,구미동,시설노후/파손,26,29,0.896551724137931
202403,궁내동,시설노후/파손,6,6,1.0
202403,금곡동,불법광고물,1,13,0.07692307692307693
202403,금곡동,불법주정차,3,13,0.23076923076923078
202403,금곡동,시설노후/파손,9,13,0.6923076923076923
202403,금광동,불법주정차,9,169,0.05325443786982249
202403,금광동,생활환경,2,169,0.011834319526627219
202403,금광동,시설노후/파손,158,169,0.9349112426035503
202403,금토동,시설노후/파손,3,3,1.0
202403,단대동,공원/녹지,1,30,0.03333333333333333
202403,단대동,불법주정차,1,30,0.03333333333333333
202403,단대동,시설노후/파손,28,30,0.9333333333333333
202403,대장동,시설노후/파손,9,9,1.0
202403,도촌동,불법광고물,2,19,0.10526315789473684
202403,도촌동,불법주정차,3,19,0.15789473684210525
202403,도촌동,시설노후/파손,14,19,0.7368421052631579
202403,백현동,불법주정차,5,35,0.14285714285714285
202403,백현동,생활환경,1,35,0.02857142857142857
202403,백현동,시설노후/파손,29,35,0.8285714285714286
202403,복정동,불법주정차,1,6,0.16666666666666666
202403,복정동,시설노후/파손,5,6,0.8333333333333334
202403,분당동,불법광고물,1,8,0.125
202403,분당동,생활환경,1,8,0.125
202403,분당동,시설노후/파손,6,8,0.75
202403,사송동,시설노후/파손,1,1,1.0
202403,삼평동,불법광고물,1,26,0.038461538461538464
202403,삼평동,불법주정차,2,26,0.07692307692307693
202403,삼평동,시설노후/파손,23,26,0.8846153846153846
202403,상대원동,불법주정차,2,55,0.03636363636363636
202403,상대원동,생활환경,1,55,0.01818181818181818
202403,상대원동,시설노후/파손,52,55,0.9454545454545454
202403,서현동,불법광고물,4,41,0.0975609756097561
202403,서현동,불법주정차,3,41,0.07317073170731707
202403,서현동,생활환경,1,41,0.024390243902439025
202403,서현동,시설노후/파손,33,41,0.8048780487804879
202403,성남동,불법주정차,3,223,0.013452914798206279
202403,성남동,시설노후/파손,220,223,0.9865470852017937
202403,수내동,공원/녹지,1,53,0.018867924528301886
202403,수내동,불법광고물,3,53,0.05660377358490566
202403,수내동,불법주정차,7,53,0.1320754716981132
202403,수내동,생활환경,2,53,0.03773584905660377
202403,수내동,시설노후/파손,40,53,0.7547169811320755
202403,수진동,불법광고물,1,24,0.041666666666666664
202403,수진동,불법주정차,2,24,0.08333333333333333
202403,수진동,시설노후/파손,21,24,0.875
202403,시흥동,시설노후/파손,16,16,1.0
202403,신흥동,불법광고물,1,32,0.03125
202403,신흥동,불법주정차,1,32,0.03125
202403,신흥동,시설노후/파손,30,32,0.9375
202403,심곡동,불법주정차,1,81,0.012345679012345678
202403,심곡동,시설노후/파손,80,81,0.9876543209876543
202403,야탑동,불법광고물,2,52,0.038461538461538464
202403,야탑동,시설노후/파손,50,52,0.9615384615384616
202403,양지동,시설노후/파손,2,2,1.0
202403,여수동,시설노후/파손,13,13,1.0
202403,오야동,시설노후/파손,1,1,1.0
202403,운중동,시설노후/파손,30,30,1.0
202403,은행동,시설노후/파손,92,92,1.0
202403,이매동,불법주정차,2,17,0.11764705882352941
202403,이매동,시설노후/파손,15,17,0.8823529411764706
202403,정자동,불법주정차,3,76,0.039473684210526314
202403,정자동,생활환경,1,76,0.013157894736842105
202403,정자동,시설노후/파손,72,76,0.9473684210526315
202403,중앙동,시설노후/파손,25,25,1.0
202403,창곡동,불법주정차,3,20,0.15
202403,창곡동,시설노후/파손,17,20,0.85
202403,태평동,불법주정차,4,27,0.14814814814814814
202403,태평동,시설노후/파손,23,27,0.8518518518518519
202403,판교동,생활환경,1,12,0.08333333333333333
202403,판교동,시설노후/파손,11,12,0.9166666666666666
202403,하대원동,불법광고물,1,47,0.02127659574468085
202403,하대원동,불법주정차,2,47,0.0425531914893617
202403,하대원동,생활환경,1,47,0.02127659574468085
202403,하대원동,시설노후/파손,43,47,0.9148936170212766
202404,고등동,시설노후/파손,9,9,1.0
202404,구미동,불법광고물,3,23,0.13043478260869565
202404,구미동,불법주정차,1,23,0.043478260869565216
202404,구미동,시설노후/파손,19,23,0.8260869565217391
202404,궁내동,불법주정차,1,9,0.1111111111111111
202404,궁내동,시설노후/파손,8,9,0.8888888888888888
202404,금곡동,불법광고물,1,33,0.030303030303030304
202404,금곡동,불법주정차,6,33,0.18181818181818182
202404,금곡동,생활환경,2,33,0.06060606060606061
202404,금곡동,시설노후/파손,24,33,0.7272727272727273
202404,금광동,불법광고물,1,123,0.008130081300813009
202404,금광동,불법주정차,14,123,0.11382113821138211
202404,금광동,생활환경,2,123,0.016260162601626018
202404,금광동,시설노후/파손,106,123,0.8617886178861789
202404,금토동,불법주정차,1,5,0.2
202404,금토동,시설노후/파손,4,5,0.8
202404,단대동,불법주정차,5,26,0.19230769230769232
202404,단대동,시설노후/파손,21,26,0.8076923076923077
202404,대장동,시설노후/파손,13,13,1.0
202404,도촌동,불법광고물,4,11,0.36363636363636365
202404,도촌동,시설노후/파손,7,11,0.6363636363636364
202404,동원동,불법주정차,1,4,0.25
202404,동원동,시설노후/파손,3,4,0.75
202404,백현동,불법광고물,1,33,0.030303030303030304
202404,백현동,불법주정차,5,33,0.15151515151515152
202404,백현동,시설노후/파손,27,33,0.8181818181818182
202404,복정동,불법주정차,4,35,0.11428571428571428
202404,복정동,생활환경,1,35,0.02857142857142857
202404,복정동,시설노후/파손,30,35,0.8571428571428571
202404,분당동,시설노후/파손,13,13,1.0
202404,산성동,불법주정차,1,4,0.25
202404,산성동,시설노후/파손,3,4,0.75
202404,삼평동,불법주정차,5,36,0.1388888888888889
202404,삼평동,시설노후/파손,31,36,0.8611111111111112
202404,상대원동,불법주정차,5,99,0.050505050505050504
202404,상대원동,시설노후/파손,94,99,0.9494949494949495
202404,상적동,시설노후/파손,3,3,1.0
202404,서현동,불법광고물,2,69,0.028985507246376812
202404,서현동,시설노후/파손,67,69,0.9710144927536232
202404,성남동,불법광고물,1,196,0.00510204081632653
202404,성남동,불법주정차,8,196,0.04081632653061224
202404,성남동,시설노후/파손,187,196,0.9540816326530612
202404,수내동,공원/녹지,1,39,0.02564102564102564
202404,수내동,불법주정차,2,39,0.05128205128205128
202404,수내동,시설노후/파손,36,39,0.9230769230769231
202404,수진동,불법광고물,1,49,0.02040816326530612
202404,수진동,불법주정차,3,49,0.061224489795918366
202404,수진동,시설노후/파손,45,49,0.9183673469387755
202404,시흥동,불법주정차,1,10,0.1
202404,시흥동,시설노후/파손,9,10,0.9
202404,신흥동,공원/녹지,1,32,0.03125
202404,신흥동,불법광고물,1,32,0.03125
202404,신흥동,시설노후/파손,30,32,0.9375
202404,심곡동,시설노후/파손,45,45,1.0
202404,야탑동,불법광고물,1,51,0.0196078431372549
202404,야탑동,생활환경,1,51,0.0196078431372549
202404,야탑동,시설노후/파손,49,51,0.9607843137254902
202404,양지동,공원/녹지,1,8,0.125
202404,양지동,생활환경,3,8,0.375
202404,양지동,시설노후/파손,4,8,0.5
202404,여수동,시설노후/파손,31,31,1.0
202404,오야동,시설노후/파손,5,5,1.0
202404,운중동,불법주정차,2,22,0.09090909090909091
202404,운중동,시설노후/파손,20,22,0.9090909090909091
202404,은행동,시설노후/파손,79,79,1.0
202404,이매동,불법광고물,1,12,0.08333333333333333
202404,이매동,불법주정차,1,12,0.08333333333333333
202404,이매동,시설노후/파손,10,12,0.8333333333333334
202404,정자동,불법광고물,4,74,0.05405405405405406
202404,정자동,생활환경,1,74,0.013513513513513514
202404,정자동,시설노후/파손,69,74,0.9324324324324325
202404,중앙동,불법광고물,1,13,0.07692307692307693
202404,중앙동,시설노후/파손,12,13,0.9230769230769231
202404,창곡동,불법광고물,1,33,0.030303030303030304
202404,창곡동,불법주정차,2,33,0.06060606060606061
202404,창곡동,생활환경,1,33,0.030303030303030304
202404,창곡동,시설노후/파손,29,33,0.8787878787878788
202404,태평동,불법주정차,2,37,0.05405405405405406
202404,태평동,시설노후/파손,35,37,0.9459459459459459
202404,판교동,불법주정차,2,22,0.09090909090909091
202404,판교동,시설노후/파손,20,22,0.9090909090909091
202404,하대원동,불법주정차,1,33,0.030303030303030304
202404,하대원동,시설노후/파손,32,33,0.9696969696969697
202405,갈현동,불법주정차,1,2,0.5
202405,갈현동,시설노후/파손,1,2,0.5
202405,고등동,불법주정차,1,11,0.09090909090909091
202405,고등동,시설노후/파손,10,11,0.9090909090909091
202405,구미동,보행/도로안전,1,207,0.004830917874396135
202405,구미동,불법주정차,1,207,0.004830917874396135
202405,구미동,시설노후/파손,205,207,0.9903381642512077
202405,궁내동,불법주정차,1,8,0.125
202405,궁내동,시설노후/파손,7,8,0.875
202405,금곡동,기타,1,62,0.016129032258064516
202405,금곡동,불법주정차,1,62,0.016129032258064516
202405,금곡동,시설노후/파손,60,62,0.967741935483871
202405,금광동,불법주정차,3,329,0.00911854103343465
202405,금광동,시설노후/파손,326,329,0.9908814589665653
202405,금토동,시설노후/파손,30,30,1.0
202405,단대동,시설노후/파손,36,36,1.0
202405,대장동,시설노후/파손,24,24,1.0
202405,도촌동,시설노후/파손,8,8,1.0
202405,동원동,시설노후/파손,2,2,1.0
202405,백현동,불법주정차,3,105,0.02857142857142857
202405,백현동,시설노후/파손,102,105,0.9714285714285714
202405,복정동,시설노후/파손,37,37,1.0
202405,분당동,시설노후/파손,67,67,1.0
202405,산성동,시설노후/파손,6,6,1.0
202405,삼평동,공원/녹지,1,193,0.0051813471502590676
202405,삼평동,불법주정차,2,193,0.010362694300518135
202405,삼평동,시설노후/파손,190,193,0.9844559585492227
202405,상대원동,불법주정차,1,102,0.00980392156862745
202405,상대원동,시설노후/파손,101,102,0.9901960784313726
202405,서현동,불법주정차,3,341,0.008797653958944282
202405,서현동,시설노후/파손,338,341,0.9912023460410557
202405,성남동,불법광고물,1,512,0.001953125
202405,성남동,불법주정차,3,512,0.005859375
202405,성남동,시설노후/파손,508,512,0.9921875
202405,수내동,불법주정차,1,139,0.007194244604316547
202405,수내동,시설노후/파손,138,139,0.9928057553956835
202405,수진동,불법주정차,1,122,0.00819672131147541
202405,수진동,시설노후/파손,121,122,0.9918032786885246
202405,시흥동,생활환경,1,11,0.09090909090909091
202405,시흥동,시설노후/파손,10,11,0.9090909090909091
202405,신흥동,불법주정차,2,166,0.012048192771084338
202405,신흥동,생활환경,2,166,0.012048192771084338
202405,신흥동,시설노후/파손,162,166,0.9759036144578314
202405,심곡동,생활환경,1,13,0.07692307692307693
202405,심곡동,시설노후/파손,12,13,0.9230769230769231
202405,야탑동,불법주정차,2,351,0.005698005698005698
202405,야탑동,시설노후/파손,349,351,0.9943019943019943
202405,양지동,시설노후/파손,50,50,1.0
202405,여수동,불법주정차,1,57,0.017543859649122806
202405,여수동,시설노후/파손,56,57,0.9824561403508771
202405,오야동,시설노후/파손,3,3,1.0
202405,운중동,시설노후/파손,74,74,1.0
202405,율동,시설노후/파손,13,13,1.0
202405,은행동,시설노후/파손,273,273,1.0
202405,이매동,불법주정차,3,87,0.034482758620689655
202405,이매동,시설노후/파손,84,87,0.9655172413793104
202405,정자동,불법주정차,4,261,0.01532567049808429
202405,정자동,시설노후/파손,257,261,0.9846743295019157
202405,중앙동,시설노후/파손,56,56,1.0
202405,창곡동,시설노후/파손,45,45,1.0
202405,태평동,불법주정차,1,185,0.005405405405405406
202405,태평동,시설노후/파손,184,185,0.9945945945945946
202405,판교동,불법주정차,1,113,0.008849557522123894
202405,판교동,시설노후/파손,112,113,0.9911504424778761
202405,하대원동,생활환경,1,32,0.03125
202405,하대원동,시설노후/파손,31,32,0.96875
202406,고등동,시설노후/파손,7,7,1.0
202406,구미동,불법주정차,7,45,0.15555555555555556
202406,구미동,생활환경,1,45,0.022222222222222223
202406,구미동,시설노후/파손,37,45,0.8222222222222222
202406,궁내동,시설노후/파손,3,3,1.0
202406,금곡동,불법주정차,1,16,0.0625
202406,금곡동,시설노후/파손,15,16,0.9375
202406,금광동,불법광고물,2,89,0.02247191011235955
202406,금광동,불법주정차,8,89,0.0898876404494382
202406,금광동,생활환경,2,89,0.02247191011235955
202406,금광동,시설노후/파손,77,89,0.8651685393258427
202406,금토동,시설노후/파손,2,2,1.0
202406,단대동,불법주정차,2,33,0.06060606060606061
202406,단대동,시설노후/파손,31,33,0.9393939393939394
202406,대장동,불법주정차,1,5,0.2
202406,대장동,시설노후/파손,4,5,0.8
202406,도촌동,시설노후/파손,11,11,1.0
202406,백현동,불법광고물,1,24,0.041666666666666664
202406,백현동,불법주정차,4,24,0.16666666666666666
202406,백현동,생활환경,2,24,0.08333333333333333
202406,백현동,시설노후/파손,17,24,0.7083333333333334
202406,복정동,불법주정차,1,17,0.058823529411764705
202406,복정동,시설노후/파손,16,17,0.9411764705882353
202406,분당동,공원/녹지,1,12,0.08333333333333333
202406,분당동,시설노후/파손,11,12,0.9166666666666666
202406,사송동,시설노후/파손,2,2,1.0
202406,산성동,불법광고물,1,7,0.14285714285714285
202406,산성동,시설노후/파손,6,7,0.8571428571428571
202406,삼평동,공원/녹지,3,43,0.06976744186046512
202406,삼평동,불법주정차,2,43,0.046511627906976744
202406,삼평동,생활환경,1,43,0.023255813953488372
202406,삼평동,시설노후/파손,37,43,0.8604651162790697
202406,상대원동,불법주정차,1,40,0.025
202406,상대원동,생활환경,1,40,0.025
202406,상대원동,시설노후/파손,38,40,0.95
202406,서현동,공원/녹지,1,95,0.010526315789473684
202406,서현동,불법광고물,4,95,0.042105263157894736
202406,서현동,불법주정차,4,95,0.042105263157894736
202406,서현동,생활환경,2,95,0.021052631578947368
202406,서현동,시설노후/파손,84,95,0.8842105263157894
202406,성남동,공원/녹지,1,198,0.005050505050505051
202406,성남동,불법주정차,2,198,0.010101010101010102
202406,성남동,생활환경,1,198,0.005050505050505051
202406,성남동,시설노후/파손,194,198,0.9797979797979798
202406,수내동,공원/녹지,3,42,0.07142857142857142
202406,수내동,불법주정차,1,42,0.023809523809523808
202406,수내동,생활환경,2,42,0.047619047619047616
202406,수내동,시설노후/파손,36,42,0.8571428571428571
202406,수진동,불법광고물,1,23,0.043478260869565216
202406,수진동,시설노후/파손,22,23,0.9565217391304348
202406,시흥동,시설노후/파손,4,4,1.0
202406,신흥동,불법주정차,1,39,0.02564102564102564
202406,신흥동,시설노후/파손,38,39,0.9743589743589743
202406,심곡동,시설노후/파손,32,32,1.0
202406,야탑동,공원/녹지,1,51,0.0196078431372549
202406,야탑동,불법광고물,2,51,0.0392156862745098
202406,야탑동,불법주정차,7,51,0.13725490196078433
202406,야탑동,시설노후/파손,41,51,0.803921568627451
202406,양지동,불법주정차,1,8,0.125
202406,양지동,생활환경,6,8,0.75
202406,양지동,시설노후/파손,1,8,0.125
202406,여수동,불법주정차,1,24,0.041666666666666664
202406,여수동,시설노후/파손,23,24,0.9583333333333334
202406,운중동,불법주정차,3,6,0.5
202406,운중동,시설노후/파손,3,6,0.5
202406,은행동,불법주정차,1,79,0.012658227848101266
202406,은행동,생활환경,1,79,0.012658227848101266
202406,은행동,시설노후/파손,77,79,0.9746835443037974
202406,이매동,불법주정차,1,16,0.0625
202406,이매동,시설노후/파손,15,16,0.9375
202406,정자동,불법광고물,2,46,0.043478260869565216
202406,정자동,불법주정차,4,46,0.08695652173913043
202406,정자동,생활환경,2,46,0.043478260869565216
202406,정자동,시설노후/파손,38,46,0.8260869565217391
202406,중앙동,불법주정차,1,11,0.09090909090909091
202406,중앙동,시설노후/파손,10,11,0.9090909090909091
202406,창곡동,불법주정차,2,18,0.1111111111111111
202406,창곡동,생활환경,1,18,0.05555555555555555
202406,창곡동,시설노후/파손,15,18,0.8333333333333334
202406,태평동,공원/녹지,1,57,0.017543859649122806
202406,태평동,불법광고물,3,57,0.05263157894736842
202406,태평동,불법주정차,4,57,0.07017543859649122
202406,태평동,시설노후/파손,49,57,0.8596491228070176
202406,판교동,시설노후/파손,27,27,1.0
202406,하대원동,불법주정차,2,28,0.07142857142857142
202406,하대원동,시설노후/파손,26,28,0.9285714285714286
202407,갈현동,시설노후/파손,11,11,1.0
202407,고등동,시설노후/파손,11,11,1.0
202407,구미동,시설노후/파손,27,27,1.0
202407,궁내동,시설노후/파손,2,2,1.0
202407,금곡동,시설노후/파손,19,19,1.0
202407,금광동,시설노후/파손,19,19,1.0
202407,금토동,시설노후/파손,5,5,1.0
202407,단대동,시설노후/파손,3,3,1.0
202407,대장동,시설노후/파손,3,3,1.0
202407,도촌동,시설노후/파손,9,9,1.0
202407,동원동,시설노후/파손,1,1,1.0
202407,백현동,시설노후/파손,21,21,1.0
202407,복정동,시설노후/파손,5,5,1.0
202407,분당동,시설노후/파손,7,7,1.0
202407,사송동,불법광고물,1,11,0.09090909090909091
202407,사송동,시설노후/파손,10,11,0.9090909090909091
202407,삼평동,불법광고물,1,28,0.03571428571428571
202407,삼평동,시설노후/파손,27,28,0.9642857142857143
202407,상대원동,시설노후/파손,46,46,1.0
202407,서현동,시설노후/파손,21,21,1.0
202407,성남동,불법광고물,1,32,0.03125
202407,성남동,시설노후/파손,31,32,0.96875
202407,수내동,시설노후/파손,31,31,1.0
202407,수진동,시설노후/파손,10,10,1.0
202407,시흥동,시설노후/파손,7,7,1.0
202407,신흥동,시설노후/파손,16,16,1.0
202407,심곡동,시설노후/파손,1,1,1.0
202407,야탑동,시설노후/파손,39,39,1.0
202407,양지동,시설노후/파손,6,6,1.0
202407,여수동,시설노후/파손,9,9,1.0
202407,운중동,시설노후/파손,27,27,1.0
202407,율동,불법광고물,1,4,0.25
202407,율동,시설노후/파손,3,4,0.75
202407,은행동,시설노후/파손,8,8,1.0
202407,이매동,시설노후/파손,12,12,1.0
202407,정자동,불법광고물,1,42,0.023809523809523808
202407,정자동,시설노후/파손,41,42,0.9761904761904762
202407,중앙동,시설노후/파손,19,19,1.0
202407,창곡동,불법광고물,1,33,0.030303030303030304
202407,창곡동,시설노후/파손,32,33,0.9696969696969697
202407,태평동,불법광고물,1,19,0.05263157894736842
202407,태평동,시설노후/파손,18,19,0.9473684210526315
202407,판교동,시설노후/파손,17,17,1.0
202407,하대원동,시설노후/파손,6,6,1.0
202408,갈현동,교통서비스,1,1,1.0
202408,고등동,기타,1,3,0.3333333333333333
202408,고등동,불법주정차,1,3,0.3333333333333333
202408,고등동,생활환경,1,3,0.3333333333333333
202408,구미동,불법주정차,1,4,0.25
202408,구미동,생활환경,1,4,0.25
202408,구미동,시설노후/파손,2,4,0.5
202408,금곡동,기타,1,5,0.2
202408,금곡동,불법주정차,1,5,0.2
202408,금곡동,시설노후/파손,3,5,0.6
202408,금광동,기타,3,3,1.0
202408,단대동,생활환경,2,2,1.0
202408,대장동,교통서비스,2,5,0.4
202408,대장동,생활환경,1,5,0.2
202408,대장동,시설노후/파손,2,5,0.4
202408,도촌동,불법주정차,1,1,1.0
202408,백현동,공원/녹지,1,5,0.2
202408,백현동,생활환경,4,5,0.8
202408,복정동,공원/녹지,1,3,0.3333333333333333
202408,복정동,불법주정차,1,3,0.3333333333333333
202408,복정동,시설노후/파손,1,3,0.3333333333333333
202408,분당동,보행/도로안전,1,2,0.5
202408,분당동,시설노후/파손,1,2,0.5
202408,산성동,불법주정차,1,1,1.0
202408,삼평동,보행/도로안전,2,3,0.6666666666666666
202408,삼평동,시설노후/파손,1,3,0.3333333333333333
202408,상대원동,교통서비스,1,2,0.5
202408,상대원동,기타,1,2,0.5
202408,서현동,기타,1,1,1.0
202408,성남동,기타,2,6,0.3333333333333333
202408,성남동,생활환경,2,6,0.3333333333333333
202408,성남동,시설노후/파손,2,6,0.3333333333333333
202408,수내동,공원/녹지,1,1,1.0
202408,수진동,기타,1,3,0.3333333333333333
202408,수진동,불법주정차,1,3,0.3333333333333333
202408,수진동,시설노후/파손,1,3,0.3333333333333333
202408,신흥동,공원/녹지,1,8,0.125
202408,신흥동,시설노후/파손,7,8,0.875
202408,야탑동,기타,2,71,0.028169014084507043
202408,야탑동,생활환경,1,71,0.014084507042253521
202408,야탑동,시설노후/파손,68,71,0.9577464788732394
202408,양지동,기타,9,20,0.45
202408,양지동,생활환경,11,20,0.55
202408,운중동,생활환경,1,14,0.07142857142857142
202408,운중동,시설노후/파손,13,14,0.9285714285714286
202408,위례동,불법주정차,1,1,1.0
202408,은행동,생활환경,1,2,0.5
202408,은행동,시설노후/파손,1,2,0.5
202408,이매동,시설노후/파손,1,1,1.0
202408,정자동,기타,2,5,0.4
202408,정자동,불법주정차,1,5,0.2
202408,정자동,시설노후/파손,2,5,0.4
202408,중앙동,불법주정차,2,3,0.6666666666666666
202408,중앙동,시설노후/파손,1,3,0.3333333333333333
202408,창곡동,기타,1,4,0.25
202408,창곡동,불법주정차,2,4,0.5
202408,창곡동,시설노후/파손,1,4,0.25
202408,태평동,공원/녹지,1,7,0.14285714285714285
202408,태평동,기타,2,7,0.2857142857142857
202408,태평동,불법광고물,1,7,0.14285714285714285
202408,태평동,생활환경,1,7,0.14285714285714285
202408,태평동,시설노후/파손,2,7,0.2857142857142857
202408,판교동,기타,1,2,0.5
202408,판교동,불법주정차,1,2,0.5
202408,하대원동,불법광고물,1,1,1.0
202409,고등동,불법주정차,1,7,0.14285714285714285
202409,고등동,시설노후/파손,6,7,0.8571428571428571
202409,구미동,공원/녹지,1,28,0.03571428571428571
202409,구미동,불법광고물,1,28,0.03571428571428571
202409,구미동,불법주정차,12,28,0.42857142857142855
202409,구미동,시설노후/파손,14,28,0.5
202409,궁내동,시설노후/파손,2,2,1.0
202409,금곡동,생활환경,1,15,0.06666666666666667
202409,금곡동,시설노후/파손,14,15,0.9333333333333333
202409,금광동,불법주정차,17,63,0.2698412698412698
202409,금광동,생활환경,1,63,0.015873015873015872
202409,금광동,시설노후/파손,45,63,0.7142857142857143
202409,금토동,시설노후/파손,2,2,1.0
202409,단대동,불법광고물,1,13,0.07692307692307693
202409,단대동,시설노후/파손,12,13,0.9230769230769231
202409,대장동,불법주정차,1,11,0.09090909090909091
202409,대장동,시설노후/파손,10,11,0.9090909090909091
202409,도촌동,시설노후/파손,5,5,1.0
202409,동원동,시설노후/파손,1,1,1.0
202409,백현동,불법주정차,6,20,0.3
202409,백현동,시설노후/파손,14,20,0.7
202409,복정동,불법주정차,2,13,0.15384615384615385
202409,복정동,시설노후/파손,11,13,0.8461538461538461
202409,분당동,불법주정차,2,10,0.2
202409,분당동,시설노후/파손,8,10,0.8
202409,사송동,불법주정차,2,2,1.0
202409,삼평동,불법광고물,1,24,0.041666666666666664
202409,삼평동,불법주정차,8,24,0.3333333333333333
202409,삼평동,생활환경,1,24,0.041666666666666664
202409,삼평동,시설노후/파손,14,24,0.5833333333333334
202409,상대원동,불법주정차,2,23,0.08695652173913043
202409,상대원동,시설노후/파손,21,23,0.9130434782608695
202409,서현동,불법주정차,1,28,0.03571428571428571
202409,서현동,생활환경,3,28,0.10714285714285714
202409,서현동,시설노후/파손,24,28,0.8571428571428571
202409,석운동,불법주정차,1,1,1.0
202409,성남동,공원/녹지,1,237,0.004219409282700422
202409,성남동,불법광고물,1,237,0.004219409282700422
202409,성남동,불법주정차,6,237,0.02531645569620253
202409,성남동,시설노후/파손,229,237,0.9662447257383966
202409,수내동,불법주정차,3,20,0.15
202409,수내동,시설노후/파손,17,20,0.85
202409,수진동,불법주정차,3,19,0.15789473684210525
202409,수진동,생활환경,1,19,0.05263157894736842
202409,수진동,시설노후/파손,15,19,0.7894736842105263
202409,시흥동,불법주정차,1,1,1.0
202409,신흥동,불법주정차,1,35,0.02857142857142857
202409,신흥동,시설노후/파손,34,35,0.9714285714285714
202409,심곡동,시설노후/파손,16,16,1.0
202409,야탑동,불법광고물,1,20,0.05
202409,야탑동,불법주정차,8,20,0.4
202409,야탑동,시설노후/파손,11,20,0.55
202409,여수동,생활환경,1,9,0.1111111111111111
202409,여수동,시설노후/파손,8,9,0.8888888888888888
202409,오야동,불법주정차,1,3,0.3333333333333333
202409,오야동,시설노후/파손,2,3,0.6666666666666666
202409,운중동,불법주정차,2,10,0.2
202409,운중동,시설노후/파손,8,10,0.8
202409,은행동,불법주정차,2,45,0.044444444444444446
202409,은행동,시설노후/파손,43,45,0.9555555555555556
202409,이매동,시설노후/파손,12,12,1.0
202409,정자동,공원/녹지,1,78,0.01282051282051282
202409,정자동,불법주정차,5,78,0.0641025641025641
202409,정자동,생활환경,3,78,0.038461538461538464
202409,정자동,시설노후/파손,69,78,0.8846153846153846
202409,중앙동,불법광고물,1,12,0.08333333333333333
202409,중앙동,시설노후/파손,11,12,0.9166666666666666
202409,창곡동,시설노후/파손,17,17,1.0
202409,태평동,공원/녹지,1,17,0.058823529411764705
202409,태평동,불법주정차,3,17,0.17647058823529413
202409,태평동,시설노후/파손,13,17,0.7647058823529411
202409,판교동,불법주정차,1,51,0.0196078431372549
202409,판교동,생활환경,1,51,0.0196078431372549
202409,판교동,시설노후/파손,49,51,0.9607843137254902
202409,하대원동,불법주정차,2,25,0.08
202409,하대원동,생활환경,1,25,0.04
202409,하대원동,시설노후/파손,22,25,0.88
202410,고등동,불법주정차,1,12,0.08333333333333333
202410,고등동,시설노후/파손,11,12,0.9166666666666666
202410,구미동,공원/녹지,1,41,0.024390243902439025
202410,구미동,불법주정차,10,41,0.24390243902439024
202410,구미동,시설노후/파손,30,41,0.7317073170731707
202410,궁내동,불법주정차,1,4,0.25
202410,궁내동,시설노후/파손,3,4,0.75
202410,금곡동,불법주정차,1,10,0.1
202410,금곡동,생활환경,1,10,0.1
202410,금곡동,시설노후/파손,8,10,0.8
202410,금광동,불법주정차,7,86,0.08139534883720931
202410,금광동,생활환경,1,86,0.011627906976744186
202410,금광동,시설노후/파손,78,86,0.9069767441860465
202410,금토동,불법주정차,2,9,0.2222222222222222
202410,금토동,시설노후/파손,7,9,0.7777777777777778
202410,단대동,불법주정차,3,17,0.17647058823529413
202410,단대동,시설노후/파손,14,17,0.8235294117647058
202410,대장동,시설노후/파손,7,7,1.0
202410,도촌동,불법주정차,1,7,0.14285714285714285
202410,도촌동,시설노후/파손,6,7,0.8571428571428571
202410,백현동,불법주정차,1,12,0.08333333333333333
202410,백현동,생활환경,2,12,0.16666666666666666
202410,백현동,시설노후/파손,9,12,0.75
202410,복정동,불법광고물,1,14,0.07142857142857142
202410,복정동,생활환경,1,14,0.07142857142857142
202410,복정동,시설노후/파손,12,14,0.8571428571428571
202410,분당동,불법주정차,1,15,0.06666666666666667
202410,분당동,시설노후/파손,14,15,0.9333333333333333
202410,삼평동,불법광고물,3,27,0.1111111111111111
202410,삼평동,불법주정차,6,27,0.2222222222222222
202410,삼평동,생활환경,1,27,0.037037037037037035
202410,삼평동,시설노후/파손,17,27,0.6296296296296297
202410,상대원동,불법주정차,2,34,0.058823529411764705
202410,상대원동,시설노후/파손,32,34,0.9411764705882353
202410,상적동,시설노후/파손,2,2,1.0
202410,서현동,불법광고물,2,58,0.034482758620689655
202410,서현동,불법주정차,6,58,0.10344827586206896
202410,서현동,시설노후/파손,50,58,0.8620689655172413
202410,성남동,불법광고물,1,250,0.004
202410,성남동,불법주정차,4,250,0.016
202410,성남동,시설노후/파손,245,250,0.98
202410,수내동,불법광고물,2,40,0.05
202410,수내동,불법주정차,2,40,0.05
202410,수내동,시설노후/파손,36,40,0.9
202410,수진동,불법광고물,2,23,0.08695652173913043
202410,수진동,불법주정차,1,23,0.043478260869565216
202410,수진동,시설노후/파손,20,23,0.8695652173913043
202410,시흥동,불법주정차,1,13,0.07692307692307693
202410,시흥동,시설노후/파손,12,13,0.9230769230769231
202410,신촌동,시설노후/파손,1,1,1.0
202410,신흥동,불법광고물,2,42,0.047619047619047616
202410,신흥동,시설노후/파손,40,42,0.9523809523809523
202410,심곡동,불법주정차,1,7,0.14285714285714285
202410,심곡동,생활환경,1,7,0.14285714285714285
202410,심곡동,시설노후/파손,5,7,0.7142857142857143
202410,야탑동,불법광고물,1,38,0.02631578947368421
202410,야탑동,불법주정차,5,38,0.13157894736842105
202410,야탑동,시설노후/파손,32,38,0.8421052631578947
202410,양지동,불법주정차,11,15,0.7333333333333333
202410,양지동,시설노후/파손,4,15,0.26666666666666666
202410,여수동,불법광고물,1,21,0.047619047619047616
202410,여수동,시설노후/파손,20,21,0.9523809523809523
202410,오야동,시설노후/파손,3,3,1.0
202410,운중동,불법광고물,1,13,0.07692307692307693
202410,운중동,불법주정차,3,13,0.23076923076923078
202410,운중동,시설노후/파손,9,13,0.6923076923076923
202410,율동,시설노후/파손,4,4,1.0
202410,은행동,불법주정차,1,76,0.013157894736842105
202410,은행동,시설노후/파손,75,76,0.9868421052631579
202410,이매동,불법주정차,1,17,0.058823529411764705
202410,이매동,시설노후/파손,16,17,0.9411764705882353
202410,정자동,불법광고물,1,117,0.008547008547008548
202410,정자동,불법주정차,9,117,0.07692307692307693
202410,정자동,생활환경,1,117,0.008547008547008548
202410,정자동,시설노후/파손,106,117,0.905982905982906
202410,중앙동,공원/녹지,1,31,0.03225806451612903
202410,중앙동,불법주정차,7,31,0.22580645161290322
202410,중앙동,시설노후/파손,23,31,0.7419354838709677
202410,창곡동,불법광고물,4,52,0.07692307692307693
202410,창곡동,불법주정차,5,52,0.09615384615384616
202410,창곡동,생활환경,2,52,0.038461538461538464
202410,창곡동,시설노후/파손,41,52,0.7884615384615384
202410,태평동,불법주정차,5,24,0.20833333333333334
202410,태평동,시설노후/파손,19,24,0.7916666666666666
202410,판교동,시설노후/파손,40,40,1.0
202410,하대원동,불법주정차,1,53,0.018867924528301886
202410,하대원동,시설노후/파손,52,53,0.9811320754716981
202411,고등동,불법주정차,1,3,0.3333333333333333
202411,고등동,시설노후/파손,2,3,0.6666666666666666
202411,구미동,불법주정차,16,50,0.32
202411,구미동,생활환경,1,50,0.02
202411,구미동,시설노후/파손,33,50,0.66
202411,궁내동,시설노후/파손,1,1,1.0
202411,금곡동,불법광고물,1,12,0.08333333333333333
202411,금곡동,불법주정차,1,12,0.08333333333333333
202411,금곡동,시설노후/파손,10,12,0.8333333333333334
202411,금광동,불법광고물,1,91,0.01098901098901099
202411,금광동,불법주정차,9,91,0.0989010989010989
202411,금광동,생활환경,1,91,0.01098901098901099
202411,금광동,시설노후/파손,80,91,0.8791208791208791
202411,금토동,불법주정차,1,15,0.06666666666666667
202411,금토동,생활환경,1,15,0.06666666666666667
202411,금토동,시설노후/파손,13,15,0.8666666666666667
202411,단대동,불법주정차,4,31,0.12903225806451613
202411,단대동,생활환경,1,31,0.03225806451612903
202411,단대동,시설노후/파손,26,31,0.8387096774193549
202411,대장동,불법주정차,1,1,1.0
202411,도촌동,시설노후/파손,2,2,1.0
202411,백현동,불법주정차,5,18,0.2777777777777778
202411,백현동,생활환경,2,18,0.1111111111111111
202411,백현동,시설노후/파손,11,18,0.6111111111111112
202411,복정동,불법주정차,3,14,0.21428571428571427
202411,복정동,시설노후/파손,11,14,0.7857142857142857
202411,분당동,불법주정차,2,10,0.2
202411,분당동,시설노후/파손,8,10,0.8
202411,사송동,불법주정차,2,5,0.4
202411,사송동,시설노후/파손,3,5,0.6
202411,산성동,시설노후/파손,3,3,1.0
202411,삼평동,불법광고물,2,20,0.1
202411,삼평동,불법주정차,2,20,0.1
202411,삼평동,시설노후/파손,16,20,0.8
202411,상대원동,불법주정차,2,38,0.05263157894736842
202411,상대원동,시설노후/파손,36,38,0.9473684210526315
202411,서현동,공원/녹지,1,43,0.023255813953488372
202411,서현동,불법광고물,2,43,0.046511627906976744
202411,서현동,불법주정차,3,43,0.06976744186046512
202411,서현동,시설노후/파손,37,43,0.8604651162790697
202411,성남동,불법광고물,1,205,0.004878048780487805
202411,성남동,불법주정차,11,205,0.05365853658536585
202411,성남동,시설노후/파손,193,205,0.9414634146341463
202411,수내동,불법주정차,1,21,0.047619047619047616
202411,수내동,시설노후/파손,20,21,0.9523809523809523
202411,수진동,불법광고물,2,25,0.08
202411,수진동,불법주정차,1,25,0.04
202411,수진동,시설노후/파손,22,25,0.88
202411,시흥동,불법주정차,1,14,0.07142857142857142
202411,시흥동,생활환경,2,14,0.14285714285714285
202411,시흥동,시설노후/파손,11,14,0.7857142857142857
202411,신촌동,시설노후/파손,3,3,1.0
202411,신흥동,불법주정차,2,23,0.08695652173913043
202411,신흥동,생활환경,1,23,0.043478260869565216
202411,신흥동,시설노후/파손,20,23,0.8695652173913043
202411,심곡동,시설노후/파손,6,6,1.0
202411,야탑동,불법광고물,1,47,0.02127659574468085
202411,야탑동,불법주정차,7,47,0.14893617021276595
202411,야탑동,시설노후/파손,39,47,0.8297872340425532
202411,양지동,불법주정차,4,8,0.5
202411,양지동,시설노후/파손,4,8,0.5
202411,여수동,시설노후/파손,18,18,1.0
202411,운중동,공원/녹지,1,10,0.1
202411,운중동,불법주정차,4,10,0.4
202411,운중동,시설노후/파손,5,10,0.5
202411,율동,시설노후/파손,1,1,1.0
202411,은행동,시설노후/파손,54,54,1.0
202411,이매동,시설노후/파손,14,14,1.0
202411,정자동,공원/녹지,1,66,0.015151515151515152
202411,정자동,불법광고물,1,66,0.015151515151515152
202411,정자동,불법주정차,14,66,0.21212121212121213
202411,정자동,생활환경,1,66,0.015151515151515152
202411,정자동,시설노후/파손,49,66,0.7424242424242424
202411,중앙동,불법광고물,1,17,0.058823529411764705
202411,중앙동,시설노후/파손,16,17,0.9411764705882353
202411,창곡동,공원/녹지,1,24,0.041666666666666664
202411,창곡동,불법광고물,1,24,0.041666666666666664
202411,창곡동,불법주정차,3,24,0.125
202411,창곡동,시설노후/파손,19,24,0.7916666666666666
202411,태평동,불법주정차,6,43,0.13953488372093023
202411,태평동,시설노후/파손,37,43,0.8604651162790697
202411,판교동,생활환경,1,22,0.045454545454545456
202411,판교동,시설노후/파손,21,22,0.9545454545454546
202411,하대원동,시설노후/파손,76,76,1.0
202412,고등동,불법주정차,1,2,0.5
202412,고등동,시설노후/파손,1,2,0.5
202412,구미동,불법주정차,24,43,0.5581395348837209
202412,구미동,시설노후/파손,19,43,0.4418604651162791
202412,궁내동,시설노후/파손,10,10,1.0
202412,금곡동,불법주정차,3,27,0.1111111111111111
202412,금곡동,시설노후/파손,24,27,0.8888888888888888
202412,금광동,불법주정차,4,70,0.05714285714285714
202412,금광동,생활환경,1,70,0.014285714285714285
202412,금광동,시설노후/파손,65,70,0.9285714285714286
202412,금토동,불법주정차,1,30,0.03333333333333333
202412,금토동,생활환경,1,30,0.03333333333333333
202412,금토동,시설노후/파손,28,30,0.9333333333333333
202412,단대동,시설노후/파손,27,27,1.0
202412,대장동,공원/녹지,1,2,0.5
202412,대장동,시설노후/파손,1,2,0.5
202412,도촌동,시설노후/파손,5,5,1.0
202412,백현동,불법주정차,4,16,0.25
202412,백현동,생활환경,1,16,0.0625
202412,백현동,시설노후/파손,11,16,0.6875
202412,복정동,불법주정차,4,32,0.125
202412,복정동,생활환경,4,32,0.125
202412,복정동,시설노후/파손,24,32,0.75
202412,분당동,불법주정차,3,32,0.09375
202412,분당동,시설노후/파손,29,32,0.90625
202412,사송동,시설노후/파손,1,1,1.0
202412,산성동,시설노후/파손,9,9,1.0
202412,삼평동,불법주정차,6,16,0.375
202412,삼평동,시설노후/파손,10,16,0.625
202412,상대원동,불법주정차,1,29,0.034482758620689655
202412,상대원동,시설노후/파손,28,29,0.9655172413793104
202412,상적동,불법주정차,1,1,1.0
202412,서현동,불법광고물,1,35,0.02857142857142857
202412,서현동,불법주정차,1,35,0.02857142857142857
202412,서현동,시설노후/파손,33,35,0.9428571428571428
202412,성남동,공원/녹지,1,114,0.008771929824561403
202412,성남동,불법주정차,7,114,0.06140350877192982
202412,성남동,시설노후/파손,106,114,0.9298245614035088
202412,수내동,불법주정차,3,17,0.17647058823529413
202412,수내동,생활환경,1,17,0.058823529411764705
202412,수내동,시설노후/파손,13,17,0.7647058823529411
202412,수진동,불법주정차,1,21,0.047619047619047616
202412,수진동,시설노후/파손,20,21,0.9523809523809523
202412,시흥동,시설노후/파손,3,3,1.0
202412,신흥동,불법주정차,1,33,0.030303030303030304
202412,신흥동,시설노후/파손,32,33,0.9696969696969697
202412,심곡동,시설노후/파손,4,4,1.0
202412,야탑동,공원/녹지,2,54,0.037037037037037035
202412,야탑동,불법주정차,5,54,0.09259259259259259
202412,야탑동,시설노후/파손,47,54,0.8703703703703703
202412,양지동,불법광고물,1,1,1.0
202412,여수동,불법광고물,1,21,0.047619047619047616
202412,여수동,시설노후/파손,20,21,0.9523809523809523
202412,운중동,공원/녹지,1,12,0.08333333333333333
202412,운중동,불법주정차,4,12,0.3333333333333333
202412,운중동,시설노후/파손,7,12,0.5833333333333334
202412,은행동,시설노후/파손,80,80,1.0
202412,이매동,불법주정차,1,8,0.125
202412,이매동,시설노후/파손,7,8,0.875
202412,정자동,공원/녹지,1,54,0.018518518518518517
202412,정자동,불법주정차,12,54,0.2222222222222222
202412,정자동,생활환경,1,54,0.018518518518518517
202412,정자동,시설노후/파손,40,54,0.7407407407407407
202412,중앙동,공원/녹지,1,15,0.06666666666666667
202412,중앙동,불법주정차,1,15,0.06666666666666667
202412,중앙동,시설노후/파손,13,15,0.8666666666666667
202412,창곡동,불법광고물,4,26,0.15384615384615385
202412,창곡동,불법주정차,1,26,0.038461538461538464
202412,창곡동,시설노후/파손,21,26,0.8076923076923077
202412,태평동,불법주정차,10,44,0.22727272727272727
202412,태평동,생활환경,1,44,0.022727272727272728
202412,태평동,시설노후/파손,33,44,0.75
202412,판교동,불법광고물,1,39,0.02564102564102564
202412,판교동,불법주정차,1,39,0.02564102564102564
202412,판교동,생활환경,1,39,0.02564102564102564
202412,판교동,시설노후/파손,36,39,0.9230769230769231
202412,하대원동,불법주정차,1,23,0.043478260869565216
202412,하대원동,생활환경,1,23,0.043478260869565216
202412,하대원동,시설노후/파손,21,23,0.9130434782608695
