origin_dong,destination_bucket,n,origin_total_outflow,bucket_share
고등동,경기_인접핵심,44,130,0.3384615384615385
고등동,경기_기타,39,130,0.3
고등동,서울_기타,32,130,0.24615384615384617
고등동,서울_강남3구,15,130,0.11538461538461539
구미1동,경기_인접핵심,106,257,0.41245136186770426
구미1동,서울_기타,60,257,0.23346303501945526
구미1동,경기_기타,54,257,0.21011673151750973
구미1동,서울_강남3구,37,257,0.14396887159533073
구미동,경기_인접핵심,164,418,0.3923444976076555
구미동,서울_기타,118,418,0.2822966507177033
구미동,경기_기타,102,418,0.24401913875598086
구미동,서울_강남3구,34,418,0.08133971291866028
금곡동,경기_인접핵심,113,341,0.3313782991202346
금곡동,서울_기타,104,341,0.30498533724340177
금곡동,경기_기타,84,341,0.24633431085043989
금곡동,서울_강남3구,40,341,0.11730205278592376
금광1동,경기_기타,66,159,0.41509433962264153
금광1동,서울_기타,49,159,0.3081761006289308
금광1동,경기_인접핵심,32,159,0.20125786163522014
금광1동,서울_강남3구,12,159,0.07547169811320754
금광2동,경기_기타,102,265,0.3849056603773585
금광2동,경기_인접핵심,71,265,0.2679245283018868
금광2동,서울_기타,60,265,0.22641509433962265
금광2동,서울_강남3구,32,265,0.12075471698113208
단대동,경기_기타,50,149,0.33557046979865773
단대동,경기_인접핵심,40,149,0.2684563758389262
단대동,서울_기타,37,149,0.2483221476510067
단대동,서울_강남3구,22,149,0.1476510067114094
도촌동,경기_기타,90,239,0.37656903765690375
도촌동,서울_기타,61,239,0.25523012552301255
도촌동,경기_인접핵심,59,239,0.24686192468619247
도촌동,서울_강남3구,29,239,0.12133891213389121
백현동,서울_기타,95,287,0.3310104529616725
백현동,경기_기타,78,287,0.27177700348432055
백현동,경기_인접핵심,63,287,0.21951219512195122
백현동,서울_강남3구,51,287,0.17770034843205576
복정동,경기_기타,135,390,0.34615384615384615
복정동,서울_기타,130,390,0.3333333333333333
복정동,서울_강남3구,71,390,0.18205128205128204
복정동,경기_인접핵심,54,390,0.13846153846153847
분당동,서울_기타,110,344,0.31976744186046513
분당동,경기_기타,101,344,0.2936046511627907
분당동,경기_인접핵심,100,344,0.29069767441860467
분당동,서울_강남3구,33,344,0.09593023255813954
산성동,서울_기타,14,33,0.42424242424242425
산성동,경기_기타,10,33,0.30303030303030304
산성동,경기_인접핵심,5,33,0.15151515151515152
산성동,서울_강남3구,4,33,0.12121212121212122
삼평동,경기_기타,89,264,0.3371212121212121
삼평동,서울_기타,77,264,0.2916666666666667
삼평동,경기_인접핵심,69,264,0.26136363636363635
삼평동,서울_강남3구,29,264,0.10984848484848485
상대원1동,경기_기타,88,230,0.3826086956521739
상대원1동,경기_인접핵심,67,230,0.29130434782608694
상대원1동,서울_기타,60,230,0.2608695652173913
상대원1동,서울_강남3구,15,230,0.06521739130434782
상대원2동,경기_인접핵심,11,27,0.4074074074074074
상대원2동,경기_기타,9,27,0.3333333333333333
상대원2동,서울_기타,5,27,0.18518518518518517
상대원2동,서울_강남3구,2,27,0.07407407407407407
상대원3동,경기_인접핵심,33,96,0.34375
상대원3동,경기_기타,30,96,0.3125
상대원3동,서울_기타,24,96,0.25
상대원3동,서울_강남3구,9,96,0.09375
서현1동,서울_기타,144,443,0.32505643340857787
서현1동,경기_기타,112,443,0.2528216704288939
서현1동,경기_인접핵심,112,443,0.2528216704288939
서현1동,서울_강남3구,75,443,0.16930022573363432
서현2동,서울_기타,66,186,0.3548387096774194
서현2동,경기_기타,60,186,0.3225806451612903
서현2동,경기_인접핵심,46,186,0.24731182795698925
서현2동,서울_강남3구,14,186,0.07526881720430108
성남동,경기_기타,209,567,0.36860670194003525
성남동,서울_기타,159,567,0.2804232804232804
성남동,경기_인접핵심,145,567,0.25573192239858905
성남동,서울_강남3구,54,567,0.09523809523809523
수내1동,서울_기타,75,240,0.3125
수내1동,경기_기타,64,240,0.26666666666666666
수내1동,경기_인접핵심,58,240,0.24166666666666667
수내1동,서울_강남3구,43,240,0.17916666666666667
수내2동,서울_기타,21,48,0.4375
수내2동,경기_인접핵심,13,48,0.2708333333333333
수내2동,경기_기타,8,48,0.16666666666666666
수내2동,서울_강남3구,6,48,0.125
수내3동,서울_기타,71,185,0.3837837837837838
수내3동,경기_기타,55,185,0.2972972972972973
수내3동,경기_인접핵심,38,185,0.20540540540540542
수내3동,서울_강남3구,21,185,0.11351351351351352
수진1동,경기_기타,39,107,0.3644859813084112
수진1동,서울_기타,31,107,0.2897196261682243
수진1동,경기_인접핵심,26,107,0.24299065420560748
수진1동,서울_강남3구,11,107,0.102803738317757
수진2동,경기_기타,52,165,0.3151515151515151
수진2동,경기_인접핵심,48,165,0.2909090909090909
수진2동,서울_기타,48,165,0.2909090909090909
수진2동,서울_강남3구,17,165,0.10303030303030303
시흥동,경기_인접핵심,28,100,0.28
시흥동,경기_기타,27,100,0.27
시흥동,서울_기타,27,100,0.27
시흥동,서울_강남3구,18,100,0.18
신촌동,경기_기타,24,72,0.3333333333333333
신촌동,서울_기타,18,72,0.25
신촌동,서울_강남3구,16,72,0.2222222222222222
신촌동,경기_인접핵심,14,72,0.19444444444444445
신흥1동,경기_기타,47,119,0.3949579831932773
신흥1동,서울_기타,33,119,0.2773109243697479
신흥1동,경기_인접핵심,27,119,0.226890756302521
신흥1동,서울_강남3구,12,119,0.10084033613445378
신흥2동,서울_기타,79,233,0.33905579399141633
신흥2동,경기_기타,69,233,0.296137339055794
신흥2동,경기_인접핵심,46,233,0.19742489270386265
신흥2동,서울_강남3구,39,233,0.16738197424892703
신흥3동,경기_기타,36,121,0.2975206611570248
신흥3동,경기_인접핵심,34,121,0.2809917355371901
신흥3동,서울_기타,33,121,0.2727272727272727
신흥3동,서울_강남3구,18,121,0.1487603305785124
야탑1동,서울_기타,82,252,0.3253968253968254
야탑1동,경기_기타,78,252,0.30952380952380953
야탑1동,경기_인접핵심,57,252,0.2261904761904762
야탑1동,서울_강남3구,35,252,0.1388888888888889
야탑2동,서울_기타,60,173,0.3468208092485549
야탑2동,경기_기타,45,173,0.26011560693641617
야탑2동,경기_인접핵심,40,173,0.23121387283236994
야탑2동,서울_강남3구,28,173,0.16184971098265896
야탑3동,경기_기타,115,344,0.33430232558139533
야탑3동,서울_기타,106,344,0.3081395348837209
야탑3동,경기_인접핵심,90,344,0.2616279069767442
야탑3동,서울_강남3구,33,344,0.09593023255813954
양지동,경기_기타,39,85,0.4588235294117647
양지동,경기_인접핵심,22,85,0.25882352941176473
양지동,서울_기타,20,85,0.23529411764705882
양지동,서울_강남3구,4,85,0.047058823529411764
운중동,서울_기타,118,332,0.35542168674698793
운중동,경기_인접핵심,87,332,0.2620481927710843
운중동,경기_기타,81,332,0.24397590361445784
운중동,서울_강남3구,46,332,0.13855421686746988
위례동,경기_기타,147,526,0.279467680608365
위례동,서울_기타,146,526,0.27756653992395436
위례동,서울_강남3구,123,526,0.2338403041825095
위례동,경기_인접핵심,110,526,0.20912547528517111
은행1동,경기_기타,54,133,0.40601503759398494
은행1동,서울_기타,34,133,0.2556390977443609
은행1동,경기_인접핵심,31,133,0.23308270676691728
은행1동,서울_강남3구,14,133,0.10526315789473684
은행2동,경기_기타,100,252,0.3968253968253968
은행2동,서울_기타,66,252,0.2619047619047619
은행2동,경기_인접핵심,58,252,0.23015873015873015
은행2동,서울_강남3구,28,252,0.1111111111111111
이매1동,서울_기타,97,260,0.3730769230769231
이매1동,경기_기타,70,260,0.2692307692307692
이매1동,경기_인접핵심,59,260,0.22692307692307692
이매1동,서울_강남3구,34,260,0.13076923076923078
이매2동,서울_기타,47,102,0.46078431372549017
이매2동,경기_인접핵심,27,102,0.2647058823529412
이매2동,경기_기타,17,102,0.16666666666666666
이매2동,서울_강남3구,11,102,0.10784313725490197
정자1동,서울_기타,190,572,0.3321678321678322
정자1동,경기_인접핵심,163,572,0.28496503496503495
정자1동,경기_기타,110,572,0.19230769230769232
정자1동,서울_강남3구,109,572,0.19055944055944055
정자2동,서울_기타,63,183,0.3442622950819672
정자2동,경기_기타,58,183,0.31693989071038253
정자2동,경기_인접핵심,45,183,0.2459016393442623
정자2동,서울_강남3구,17,183,0.09289617486338798
정자3동,서울_기타,65,179,0.36312849162011174
정자3동,경기_기타,55,179,0.30726256983240224
정자3동,경기_인접핵심,40,179,0.22346368715083798
정자3동,서울_강남3구,19,179,0.10614525139664804
정자동,경기_인접핵심,83,259,0.3204633204633205
정자동,서울_기타,78,259,0.30115830115830117
정자동,경기_기타,62,259,0.23938223938223938
정자동,서울_강남3구,36,259,0.138996138996139
중앙동,경기_기타,33,107,0.308411214953271
중앙동,서울_기타,33,107,0.308411214953271
중앙동,경기_인접핵심,28,107,0.2616822429906542
중앙동,서울_강남3구,13,107,0.12149532710280374
태평1동,서울_기타,99,297,0.3333333333333333
태평1동,경기_기타,98,297,0.32996632996632996
태평1동,경기_인접핵심,56,297,0.18855218855218855
태평1동,서울_강남3구,44,297,0.14814814814814814
태평2동,경기_기타,63,177,0.3559322033898305
태평2동,경기_인접핵심,49,177,0.2768361581920904
태평2동,서울_기타,38,177,0.21468926553672316
태평2동,서울_강남3구,27,177,0.15254237288135594
태평3동,경기_기타,43,128,0.3359375
태평3동,서울_기타,40,128,0.3125
태평3동,경기_인접핵심,28,128,0.21875
태평3동,서울_강남3구,17,128,0.1328125
태평4동,경기_기타,45,129,0.3488372093023256
태평4동,경기_인접핵심,45,129,0.3488372093023256
태평4동,서울_기타,28,129,0.21705426356589147
태평4동,서울_강남3구,11,129,0.08527131782945736
판교동,서울_기타,76,202,0.37623762376237624
판교동,경기_인접핵심,45,202,0.22277227722772278
판교동,서울_강남3구,43,202,0.21287128712871287
판교동,경기_기타,38,202,0.18811881188118812
하대원동,경기_기타,65,161,0.40372670807453415
하대원동,서울_기타,45,161,0.2795031055900621
하대원동,경기_인접핵심,34,161,0.2111801242236025
하대원동,서울_강남3구,17,161,0.10559006211180125
