origin_dong,dest_sido,dest_sgg,n
구미동,경기도,용인시 수지구,79
위례동,서울특별시,송파구,71
성남동,경기도,광주시,70
위례동,경기도,하남시,60
정자1동,경기도,용인시 수지구,48
정자1동,서울특별시,강남구,47
위례동,서울특별시,강남구,47
금곡동,경기도,용인시 수지구,46
구미동,경기도,용인시 기흥구,46
정자1동,경기도,수원시 영통구,46
정자1동,경기도,용인시 기흥구,46
금광2동,경기도,광주시,44
복정동,서울특별시,송파구,44
서현1동,경기도,용인시 수지구,41
구미1동,경기도,용인시 수지구,40
상대원1동,경기도,광주시,36
서현1동,서울특별시,강남구,36
금곡동,경기도,용인시 기흥구,36
정자1동,서울특별시,송파구,35
구미1동,경기도,용인시 기흥구,35
은행2동,경기도,광주시,34
분당동,경기도,광주시,31
도촌동,경기도,광주시,31
야탑3동,경기도,광주시,31
정자동,경기도,용인시 수지구,29
서현1동,경기도,광주시,29
운중동,서울특별시,강남구,29
운중동,경기도,용인시 기흥구,29
성남동,경기도,용인시 기흥구,28
성남동,경기도,화성시,28
태평4동,경기도,광주시,28
정자1동,서울특별시,서초구,27
태평1동,서울특별시,송파구,26
백현동,서울특별시,강남구,26
서현1동,경기도,용인시 기흥구,25
수진2동,경기도,광주시,25
분당동,경기도,용인시 기흥구,24
운중동,경기도,용인시 수지구,24
성남동,서울특별시,송파구,24
태평2동,경기도,광주시,23
성남동,서울특별시,강동구,23
성남동,서울특별시,강남구,22
분당동,경기도,용인시 수지구,22
야탑1동,경기도,광주시,22
정자1동,서울특별시,용산구,22
운중동,경기도,화성시,22
수내1동,경기도,용인시 수지구,22
야탑3동,경기도,용인시 수지구,22
판교동,서울특별시,강남구,22
은행1동,경기도,광주시,22
정자1동,서울특별시,영등포구,21
삼평동,경기도,용인시 수지구,21
이매1동,경기도,용인시 수지구,21
복정동,서울특별시,관악구,21
수내1동,서울특별시,강남구,21
하대원동,경기도,광주시,20
위례동,경기도,광주시,20
서현1동,서울특별시,송파구,20
정자동,경기도,용인시 기흥구,20
신흥3동,경기도,광주시,20
정자동,서울특별시,강남구,20
판교동,경기도,용인시 수지구,20
성남동,경기도,수원시 영통구,19
단대동,경기도,광주시,19
상대원3동,경기도,광주시,19
신흥2동,서울특별시,송파구,19
서현1동,서울특별시,서초구,19
운중동,서울특별시,관악구,19
금광2동,서울특별시,송파구,19
삼평동,경기도,광주시,19
성남동,서울특별시,관악구,18
분당동,경기도,화성시,18
복정동,경기도,광주시,18
복정동,서울특별시,강남구,18
정자1동,서울특별시,성북구,18
구미동,경기도,수원시 영통구,18
금곡동,서울특별시,송파구,18
도촌동,경기도,화성시,18
야탑3동,서울특별시,관악구,18
백현동,경기도,용인시 수지구,17
백현동,서울특별시,송파구,17
이매1동,서울특별시,강남구,17
은행2동,서울특별시,송파구,17
정자2동,경기도,용인시 수지구,17
백현동,경기도,수원시 영통구,17
위례동,경기도,화성시,17
금광1동,경기도,광주시,17
구미동,경기도,광주시,17
태평1동,경기도,광주시,17
금곡동,서울특별시,강남구,17
단대동,서울특별시,송파구,17
태평1동,서울특별시,관악구,16
성남동,경기도,용인시 처인구,16
구미1동,서울특별시,송파구,16
중앙동,경기도,광주시,16
신흥2동,서울특별시,강남구,16
위례동,서울특별시,동작구,16
서현2동,경기도,용인시 수지구,16
백현동,경기도,광주시,16
신흥2동,경기도,광주시,16
수내3동,경기도,용인시 수지구,16
태평2동,서울특별시,송파구,16
야탑3동,경기도,수원시 영통구,16
운중동,경기도,광주시,16
위례동,서울특별시,마포구,15
수내1동,서울특별시,서초구,15
성남동,경기도,용인시 수지구,15
야탑3동,경기도,용인시 기흥구,15
금곡동,경기도,화성시,15
복정동,경기도,용인시 기흥구,15
정자동,경기도,광주시,15
야탑2동,서울특별시,강남구,15
금곡동,서울특별시,성동구,15
서현1동,서울특별시,종로구,15
구미동,경기도,용인시 처인구,15
서현1동,서울특별시,광진구,15
정자1동,서울특별시,마포구,15
분당동,서울특별시,송파구,15
성남동,경기도,파주시,14
분당동,경기도,용인시 처인구,14
구미동,경기도,화성시,14
구미동,서울특별시,마포구,14
정자1동,경기도,화성시,14
운중동,서울특별시,용산구,14
야탑3동,경기도,용인시 처인구,14
태평1동,경기도,용인시 기흥구,14
야탑3동,서울특별시,송파구,14
서현1동,경기도,수원시 영통구,14
판교동,서울특별시,서초구,14
야탑2동,경기도,광주시,14
구미1동,경기도,광주시,14
서현1동,경기도,화성시,14
복정동,서울특별시,동작구,14
위례동,경기도,용인시 기흥구,14
서현1동,서울특별시,관악구,13
정자1동,서울특별시,성동구,13
정자동,서울특별시,관악구,13
성남동,경기도,수원시 장안구,13
도촌동,경기도,용인시 기흥구,13
구미동,서울특별시,서초구,13
분당동,서울특별시,강남구,13
수내1동,경기도,용인시 기흥구,13
하대원동,서울특별시,송파구,13
태평3동,서울특별시,송파구,13
수진1동,경기도,광주시,13
이매1동,경기도,용인시 기흥구,13
위례동,경기도,용인시 수지구,13
성남동,경기도,남양주시,13
야탑1동,경기도,용인시 기흥구,13
복정동,서울특별시,광진구,13
삼평동,서울특별시,강남구,13
태평1동,서울특별시,강남구,13
성남동,경기도,하남시,13
성남동,경기도,평택시,13
운중동,서울특별시,마포구,13
삼평동,경기도,용인시 기흥구,13
성남동,서울특별시,영등포구,12
야탑1동,서울특별시,강남구,12
정자1동,서울특별시,관악구,12
야탑2동,경기도,용인시 수지구,12
이매1동,경기도,광주시,12
백현동,경기도,화성시,12
상대원1동,경기도,용인시 기흥구,12
정자1동,경기도,광주시,12
금곡동,경기도,수원시 영통구,12
금곡동,경기도,광주시,12
백현동,서울특별시,마포구,12
정자3동,경기도,용인시 수지구,12
야탑1동,서울특별시,서초구,12
복정동,경기도,화성시,12
고등동,경기도,용인시 기흥구,12
위례동,서울특별시,성동구,12
구미1동,서울특별시,서초구,12
삼평동,경기도,수원시 영통구,12
태평1동,경기도,하남시,12
위례동,서울특별시,관악구,12
태평1동,서울특별시,강서구,12
서현1동,경기도,안양시 동안구,12
복정동,서울특별시,강서구,12
서현1동,서울특별시,서대문구,12
구미동,서울특별시,강남구,12
성남동,경기도,안양시 동안구,12
고등동,경기도,용인시 수지구,12
분당동,경기도,수원시 영통구,12
신흥1동,경기도,광주시,12
고등동,경기도,광주시,12
구미1동,경기도,수원시 영통구,12
운중동,경기도,수원시 영통구,12
위례동,서울특별시,강동구,11
성남동,서울특별시,동작구,11
성남동,서울특별시,은평구,11
수내1동,서울특별시,관악구,11
도촌동,경기도,용인시 처인구,11
태평1동,서울특별시,강동구,11
정자1동,서울특별시,서대문구,11
서현1동,서울특별시,성북구,11
위례동,경기도,남양주시,11
서현1동,서울특별시,용산구,11
삼평동,서울특별시,관악구,11
금광2동,경기도,남양주시,11
정자1동,서울특별시,동대문구,11
도촌동,서울특별시,강남구,11
서현2동,경기도,광주시,11
분당동,경기도,하남시,11
상대원1동,경기도,화성시,11
구미동,서울특별시,광진구,11
야탑1동,서울특별시,송파구,11
복정동,경기도,용인시 처인구,11
야탑3동,경기도,수원시 권선구,11
정자1동,경기도,안양시 동안구,11
야탑1동,경기도,수원시 영통구,11
상대원1동,서울특별시,송파구,11
정자1동,경기도,하남시,11
정자동,경기도,수원시 영통구,11
수내1동,경기도,수원시 영통구,10
신흥3동,서울특별시,송파구,10
도촌동,서울특별시,송파구,10
성남동,서울특별시,성동구,10
하대원동,경기도,화성시,10
복정동,경기도,안산시 단원구,10
고등동,서울특별시,강남구,10
서현1동,서울특별시,성동구,10
분당동,서울특별시,강동구,10
야탑3동,경기도,화성시,10
이매1동,서울특별시,송파구,10
삼평동,서울특별시,서초구,10
야탑3동,서울특별시,강동구,10
수진2동,서울특별시,강동구,10
수진2동,서울특별시,강남구,10
태평2동,서울특별시,관악구,10
야탑3동,서울특별시,강남구,10
복정동,경기도,평택시,10
야탑1동,경기도,화성시,10
백현동,서울특별시,성북구,10
은행1동,서울특별시,송파구,10
수내3동,서울특별시,관악구,10
성남동,서울특별시,강서구,10
복정동,경기도,하남시,10
정자3동,서울특별시,마포구,10
복정동,경기도,남양주시,10
정자3동,서울특별시,강남구,10
성남동,경기도,시흥시,10
은행2동,경기도,화성시,10
금곡동,서울특별시,마포구,10
금광2동,서울특별시,강남구,10
성남동,서울특별시,마포구,10
삼평동,경기도,화성시,10
정자2동,경기도,수원시 영통구,10
태평1동,서울특별시,광진구,10
태평2동,경기도,용인시 수지구,10
정자2동,경기도,용인시 기흥구,10
서현2동,경기도,화성시,10
위례동,경기도,부천시 원미구,10
서현2동,경기도,용인시 기흥구,10
금곡동,서울특별시,관악구,10
이매1동,서울특별시,강동구,10
구미1동,서울특별시,관악구,10
신촌동,서울특별시,송파구,9
운중동,서울특별시,송파구,9
양지동,경기도,광주시,9
야탑3동,서울특별시,성북구,9
수내3동,경기도,용인시 기흥구,9
야탑3동,서울특별시,마포구,9
이매2동,경기도,용인시 수지구,9
은행2동,경기도,남양주시,9
단대동,경기도,남양주시,9
야탑3동,서울특별시,서초구,9
백현동,경기도,용인시 기흥구,9
수진2동,경기도,용인시 기흥구,9
단대동,경기도,용인시 기흥구,9
운중동,서울특별시,동작구,9
백현동,서울특별시,동작구,9
위례동,서울특별시,동대문구,9
분당동,서울특별시,관악구,9
이매1동,서울특별시,마포구,9
금광2동,서울특별시,관악구,9
이매1동,서울특별시,성동구,9
이매1동,서울특별시,서대문구,9
금광2동,서울특별시,강동구,9
위례동,경기도,평택시,9
야탑2동,경기도,화성시,9
상대원1동,경기도,수원시 영통구,9
시흥동,경기도,광주시,9
구미1동,서울특별시,강남구,9
태평3동,경기도,광주시,9
야탑1동,경기도,용인시 수지구,9
정자2동,서울특별시,관악구,9
정자2동,서울특별시,강동구,9
정자3동,경기도,용인시 기흥구,9
태평2동,서울특별시,강남구,9
분당동,경기도,안양시 동안구,9
금곡동,서울특별시,강동구,9
서현2동,경기도,수원시 장안구,9
복정동,서울특별시,서초구,9
서현1동,서울특별시,강동구,9
판교동,경기도,용인시 기흥구,9
신흥2동,서울특별시,강동구,9
정자동,서울특별시,서초구,9
구미동,서울특별시,송파구,9
복정동,서울특별시,강동구,9
태평1동,경기도,화성시,9
금광1동,경기도,용인시 처인구,9
하대원동,서울특별시,광진구,9
야탑1동,서울특별시,동대문구,9
상대원2동,경기도,광주시,9
서현1동,경기도,남양주시,9
위례동,서울특별시,서대문구,8
야탑2동,서울특별시,송파구,8
서현2동,경기도,수원시 영통구,8
성남동,서울특별시,구로구,8
백현동,경기도,용인시 처인구,8
신촌동,경기도,광주시,8
신흥2동,경기도,용인시 기흥구,8
단대동,경기도,하남시,8
운중동,서울특별시,서초구,8
은행2동,서울특별시,강남구,8
단대동,서울특별시,강동구,8
은행2동,서울특별시,동대문구,8
운중동,서울특별시,성동구,8
신흥2동,경기도,하남시,8
은행2동,경기도,수원시 영통구,8
정자3동,서울특별시,성북구,8
상대원1동,서울특별시,관악구,8
금광1동,서울특별시,관악구,8
수내3동,서울특별시,송파구,8
정자동,경기도,하남시,8
수내3동,서울특별시,강남구,8
성남동,경기도,의정부시,8
위례동,경기도,수원시 장안구,8
위례동,경기도,수원시 권선구,8
구미동,서울특별시,성북구,8
태평1동,경기도,용인시 수지구,8
수내3동,서울특별시,동작구,8
신흥2동,경기도,평택시,8
위례동,경기도,김포시,8
구미동,서울특별시,은평구,8
신흥2동,경기도,용인시 수지구,8
정자3동,경기도,광주시,8
백현동,경기도,안양시 동안구,8
금곡동,서울특별시,서대문구,8
복정동,서울특별시,중랑구,8
고등동,경기도,용인시 처인구,8
신흥3동,경기도,용인시 기흥구,8
정자1동,서울특별시,강동구,8
분당동,서울특별시,광진구,8
운중동,경기도,안양시 동안구,8
성남동,서울특별시,서초구,8
신흥3동,경기도,화성시,8
금광1동,경기도,용인시 기흥구,8
정자2동,경기도,안양시 동안구,8
이매1동,경기도,화성시,8
운중동,경기도,용인시 처인구,8
도촌동,서울특별시,서초구,8
판교동,경기도,고양시 덕양구,8
분당동,경기도,수원시 권선구,8
금곡동,서울특별시,광진구,8
정자2동,경기도,용인시 처인구,8
삼평동,서울특별시,성동구,8
하대원동,서울특별시,관악구,8
금광2동,경기도,용인시 수지구,8
정자2동,경기도,화성시,8
복정동,서울특별시,영등포구,8
정자2동,서울특별시,마포구,8
신흥2동,경기도,화성시,8
금광2동,경기도,화성시,8
분당동,서울특별시,마포구,8
서현1동,서울특별시,마포구,8
야탑1동,서울특별시,동작구,8
백현동,서울특별시,서초구,8
판교동,서울특별시,송파구,7
서현2동,서울특별시,동대문구,7
야탑3동,서울특별시,구로구,7
위례동,경기도,용인시 처인구,7
태평1동,경기도,평택시,7
시흥동,경기도,용인시 수지구,7
위례동,서울특별시,강서구,7
판교동,서울특별시,서대문구,7
양지동,경기도,화성시,7
시흥동,서울특별시,송파구,7
판교동,서울특별시,마포구,7
서현1동,서울특별시,강서구,7
야탑3동,경기도,이천시,7
태평2동,경기도,화성시,7
운중동,서울특별시,영등포구,7
도촌동,경기도,안양시 동안구,7
서현1동,서울특별시,동대문구,7
위례동,경기도,고양시 덕양구,7
구미1동,경기도,용인시 처인구,7
서현1동,경기도,용인시 처인구,7
판교동,경기도,수원시 영통구,7
태평3동,서울특별시,강동구,7
판교동,서울특별시,강서구,7
서현2동,서울특별시,강동구,7
복정동,서울특별시,마포구,7
위례동,경기도,안양시 만안구,7
태평3동,경기도,용인시 기흥구,7
수내1동,경기도,하남시,7
성남동,경기도,수원시 권선구,7
야탑1동,서울특별시,강동구,7
정자2동,서울특별시,송파구,7
성남동,서울특별시,동대문구,7
정자2동,서울특별시,강남구,7
야탑3동,경기도,안양시 동안구,7
수내1동,서울특별시,송파구,7
금광2동,경기도,용인시 기흥구,7
금광2동,경기도,오산시,7
금곡동,경기도,하남시,7
수내1동,서울특별시,성동구,7
분당동,서울특별시,동작구,7
이매1동,경기도,평택시,7
이매1동,서울특별시,관악구,7
정자3동,경기도,시흥시,7
야탑1동,서울특별시,광진구,7
정자1동,서울특별시,동작구,7
이매1동,서울특별시,서초구,7
정자1동,서울특별시,광진구,7
이매1동,서울특별시,성북구,7
정자1동,서울특별시,강서구,7
삼평동,서울특별시,동작구,7
이매2동,경기도,수원시 영통구,7
정자1동,경기도,용인시 처인구,7
정자1동,경기도,수원시 권선구,7
수내1동,서울특별시,강동구,7
은행2동,서울특별시,강동구,7
이매1동,경기도,수원시 영통구,7
구미동,서울특별시,관악구,7
구미동,서울특별시,영등포구,7
태평1동,경기도,수원시 권선구,7
중앙동,서울특별시,송파구,7
성남동,경기도,오산시,7
수내3동,서울특별시,서대문구,7
정자동,서울특별시,송파구,7
정자동,서울특별시,성동구,7
정자동,서울특별시,강동구,7
야탑1동,경기도,수원시 장안구,7
구미동,서울특별시,강서구,7
은행2동,경기도,평택시,7
구미동,서울특별시,동작구,7
구미동,서울특별시,서대문구,7
정자동,경기도,안양시 동안구,7
위례동,서울특별시,중랑구,7
은행2동,경기도,용인시 기흥구,7
분당동,서울특별시,양천구,7
은행2동,경기도,수원시 권선구,7
수내3동,경기도,광주시,7
상대원1동,경기도,용인시 처인구,7
분당동,서울특별시,영등포구,7
백현동,서울특별시,서대문구,6
야탑1동,서울특별시,성동구,6
복정동,서울특별시,구로구,6
복정동,경기도,수원시 권선구,6
신흥2동,서울특별시,노원구,6
신흥2동,경기도,김포시,6
신촌동,서울특별시,강남구,6
야탑3동,서울특별시,동작구,6
신흥2동,서울특별시,관악구,6
야탑2동,경기도,용인시 기흥구,6
신흥3동,서울특별시,강동구,6
시흥동,서울특별시,강남구,6
복정동,경기도,파주시,6
복정동,경기도,용인시 수지구,6
백현동,경기도,수원시 권선구,6
신흥2동,경기도,과천시,6
야탑3동,경기도,하남시,6
야탑1동,서울특별시,관악구,6
시흥동,경기도,용인시 기흥구,6
야탑1동,서울특별시,강서구,6
백현동,서울특별시,용산구,6
백현동,서울특별시,영등포구,6
신흥2동,경기도,수원시 영통구,6
백현동,서울특별시,관악구,6
운중동,경기도,하남시,6
수진2동,서울특별시,영등포구,6
금광1동,경기도,고양시 덕양구,6
상대원1동,경기도,의정부시,6
정자3동,서울특별시,송파구,6
정자3동,서울특별시,동작구,6
상대원1동,경기도,용인시 수지구,6
성남동,서울특별시,금천구,6
정자3동,경기도,수원시 영통구,6
금곡동,경기도,안양시 동안구,6
정자2동,경기도,광주시,6
정자2동,경기도,과천시,6
정자1동,서울특별시,중랑구,6
정자1동,서울특별시,종로구,6
성남동,서울특별시,중랑구,6
정자동,경기도,평택시,6
수내1동,경기도,고양시 일산동구,6
수내1동,경기도,광주시,6
수내1동,경기도,안양시 동안구,6
이매2동,서울특별시,서대문구,6
삼평동,서울특별시,송파구,6
금광1동,서울특별시,송파구,6
삼평동,서울특별시,서대문구,6
이매1동,서울특별시,영등포구,6
이매1동,서울특별시,노원구,6
금광2동,경기도,수원시 영통구,6
이매1동,경기도,하남시,6
구미동,서울특별시,종로구,6
구미동,서울특별시,강동구,6
수내1동,서울특별시,성북구,6
태평4동,경기도,용인시 수지구,6
하대원동,경기도,평택시,6
하대원동,경기도,이천시,6
서현1동,경기도,김포시,6
하대원동,경기도,용인시 수지구,6
서현1동,경기도,시흥시,6
판교동,서울특별시,성동구,6
판교동,서울특별시,동작구,6
판교동,서울특별시,강동구,6
서현1동,경기도,평택시,6
태평4동,서울특별시,송파구,6
태평4동,서울특별시,성북구,6
서현1동,서울특별시,동작구,6
정자동,서울특별시,광진구,6
태평3동,경기도,용인시 처인구,6
태평3동,경기도,수원시 영통구,6
태평2동,경기도,수원시 영통구,6
구미1동,경기도,화성시,6
서현2동,서울특별시,마포구,6
성남동,경기도,고양시 덕양구,6
구미1동,서울특별시,동작구,6
구미동,경기도,부천시 원미구,6
정자동,서울특별시,영등포구,6
상대원1동,서울특별시,강동구,6
정자동,서울특별시,마포구,6
삼평동,서울특별시,광진구,6
금광1동,서울특별시,성북구,6
금광2동,경기도,용인시 처인구,6
위례동,서울특별시,광진구,6
수내3동,경기도,남양주시,6
삼평동,경기도,안양시 동안구,6
은행1동,경기도,의정부시,6
수내3동,서울특별시,강서구,6
수내3동,서울특별시,광진구,6
위례동,서울특별시,은평구,6
위례동,서울특별시,용산구,6
수내3동,서울특별시,동대문구,6
금광2동,경기도,이천시,6
위례동,경기도,이천시,6
삼평동,경기도,용인시 처인구,6
위례동,경기도,시흥시,6
수내3동,서울특별시,영등포구,6
운중동,서울특별시,성북구,6
운중동,서울특별시,서대문구,6
도촌동,경기도,수원시 영통구,6
수진1동,서울특별시,송파구,6
도촌동,경기도,하남시,6
수진2동,경기도,화성시,6
도촌동,서울특별시,구로구,6
은행2동,경기도,안양시 만안구,6
삼평동,경기도,부천시 원미구,6
신흥2동,서울특별시,성동구,6
수내1동,서울특별시,영등포구,6
삼평동,경기도,평택시,6
은행2동,서울특별시,관악구,6
금광2동,경기도,하남시,6
금광2동,서울특별시,동작구,6
수내2동,경기도,수원시 영통구,6
서현2동,서울특별시,강서구,5
신흥2동,서울특별시,마포구,5
상대원3동,경기도,수원시 권선구,5
서현2동,서울특별시,강남구,5
수내1동,서울특별시,마포구,5
서현2동,경기도,안양시 동안구,5
수진1동,경기도,수원시 영통구,5
수진1동,경기도,화성시,5
수진1동,서울특별시,강동구,5
수내1동,서울특별시,서대문구,5
수진2동,경기도,수원시 영통구,5
상대원3동,경기도,수원시 영통구,5
수진2동,경기도,안산시 단원구,5
시흥동,서울특별시,서초구,5
신흥1동,경기도,화성시,5
서현1동,경기도,이천시,5
수진2동,경기도,용인시 수지구,5
분당동,서울특별시,동대문구,5
시흥동,경기도,화성시,5
시흥동,경기도,용인시 처인구,5
수진2동,서울특별시,강서구,5
수진2동,서울특별시,관악구,5
서현2동,서울특별시,서초구,5
상대원1동,경기도,남양주시,5
수내1동,서울특별시,강서구,5
삼평동,서울특별시,영등포구,5
수내3동,경기도,수원시 영통구,5
분당동,서울특별시,용산구,5
상대원1동,경기도,수원시 팔달구,5
성남동,서울특별시,서대문구,5
상대원1동,경기도,안양시 동안구,5
수내1동,경기도,남양주시,5
수내1동,경기도,수원시 권선구,5
신흥1동,경기도,수원시 영통구,5
상대원1동,경기도,오산시,5
삼평동,서울특별시,용산구,5
신흥1동,경기도,용인시 기흥구,5
분당동,서울특별시,서초구,5
수내2동,서울특별시,관악구,5
수진2동,서울특별시,송파구,5
상대원1동,경기도,이천시,5
신촌동,서울특별시,관악구,5
분당동,서울특별시,중랑구,5
수내3동,서울특별시,서초구,5
수내3동,서울특별시,성북구,5
신촌동,경기도,평택시,5
신흥1동,경기도,평택시,5
상대원1동,서울특별시,서대문구,5
성남동,경기도,수원시 팔달구,5
성남동,경기도,군포시,5
성남동,경기도,과천시,5
고등동,경기도,고양시 덕양구,5
태평1동,서울특별시,서대문구,5
은행1동,경기도,하남시,5
위례동,서울특별시,서초구,5
위례동,서울특별시,성북구,5
단대동,경기도,용인시 처인구,5
은행1동,경기도,수원시 권선구,5
태평1동,경기도,수원시 장안구,5
태평1동,경기도,수원시 영통구,5
태평1동,경기도,부천시 소사구,5
태평2동,경기도,고양시 덕양구,5
태평1동,경기도,남양주시,5
중앙동,서울특별시,성북구,5
구미동,경기도,수원시 권선구,5
구미동,경기도,수원시 장안구,5
은행2동,경기도,용인시 처인구,5
중앙동,서울특별시,관악구,5
단대동,경기도,화성시,5
위례동,경기도,안양시 동안구,5
태평1동,경기도,파주시,5
구미1동,서울특별시,영등포구,5
도촌동,경기도,수원시 권선구,5
구미1동,서울특별시,성동구,5
태평1동,서울특별시,금천구,5
운중동,서울특별시,광진구,5
금곡동,서울특별시,강서구,5
태평1동,서울특별시,서초구,5
태평1동,서울특별시,성동구,5
구미1동,경기도,하남시,5
운중동,경기도,의왕시,5
도촌동,경기도,이천시,5
운중동,경기도,수원시 권선구,5
양지동,경기도,하남시,5
도촌동,서울특별시,동대문구,5
은행2동,경기도,하남시,5
은행2동,서울특별시,양천구,5
은행2동,서울특별시,영등포구,5
정자3동,경기도,하남시,5
금곡동,서울특별시,서초구,5
정자1동,서울특별시,중구,5
정자1동,서울특별시,은평구,5
정자1동,서울특별시,양천구,5
금광1동,경기도,구리시,5
금광1동,경기도,남양주시,5
정자2동,서울특별시,동작구,5
정자2동,서울특별시,성동구,5
정자3동,경기도,남양주시,5
금곡동,경기도,수원시 팔달구,5
정자1동,경기도,수원시 팔달구,5
정자1동,경기도,수원시 장안구,5
정자1동,경기도,김포시,5
정자1동,경기도,군포시,5
금광1동,서울특별시,강서구,5
금광2동,경기도,평택시,5
금곡동,경기도,남양주시,5
이매2동,서울특별시,성북구,5
정자3동,서울특별시,관악구,5
이매2동,서울특별시,관악구,5
이매2동,서울특별시,강남구,5
구미동,서울특별시,동대문구,5
구미동,서울특별시,금천구,5
정자동,경기도,화성시,5
구미동,경기도,양평군,5
금광2동,경기도,수원시 팔달구,5
정자동,서울특별시,은평구,5
금광2동,경기도,안양시 동안구,5
중앙동,경기도,수원시 팔달구,5
이매1동,경기도,안양시 동안구,5
도촌동,서울특별시,동작구,5
정자2동,서울특별시,광진구,5
도촌동,서울특별시,마포구,5
태평4동,경기도,용인시 기흥구,5
백현동,서울특별시,광진구,5
야탑2동,서울특별시,서대문구,5
야탑2동,서울특별시,마포구,5
태평4동,경기도,평택시,5
태평4동,경기도,하남시,5
백현동,서울특별시,성동구,5
야탑3동,서울특별시,영등포구,5
태평4동,경기도,화성시,5
태평4동,서울특별시,강남구,5
판교동,경기도,광주시,5
판교동,경기도,안양시 동안구,5
복정동,경기도,고양시 덕양구,5
야탑2동,경기도,수원시 영통구,5
고등동,서울특별시,관악구,5
판교동,서울특별시,관악구,5
야탑1동,서울특별시,서대문구,5
야탑1동,서울특별시,마포구,5
복정동,경기도,수원시 영통구,5
복정동,경기도,수원시 장안구,5
복정동,경기도,안양시 동안구,5
판교동,서울특별시,성북구,5
복정동,경기도,이천시,5
복정동,서울특별시,금천구,5
야탑1동,경기도,수원시 권선구,5
복정동,서울특별시,성동구,5
신흥3동,서울특별시,강남구,5
신흥2동,서울특별시,은평구,5
신흥2동,서울특별시,양천구,5
신흥2동,서울특별시,성북구,5
야탑2동,서울특별시,서초구,5
야탑2동,서울특별시,광진구,5
야탑3동,서울특별시,광진구,5
태평2동,경기도,용인시 기흥구,5
야탑3동,서울특별시,금천구,5
태평2동,서울특별시,강동구,5
태평2동,경기도,하남시,5
태평2동,경기도,평택시,5
도촌동,서울특별시,영등포구,5
야탑3동,경기도,오산시,5
태평3동,서울특별시,관악구,5
태평3동,경기도,용인시 수지구,5
야탑3동,경기도,부천시 원미구,5
서현1동,경기도,고양시 덕양구,4
정자3동,경기도,화성시,4
정자동,경기도,시흥시,4
서현2동,서울특별시,광진구,4
태평2동,경기도,남양주시,4
정자동,경기도,고양시 일산동구,4
정자3동,서울특별시,중구,4
서현2동,경기도,이천시,4
판교동,서울특별시,영등포구,4
정자3동,서울특별시,강서구,4
하대원동,경기도,김포시,4
하대원동,경기도,수원시 장안구,4
상대원3동,서울특별시,광진구,4
하대원동,서울특별시,동대문구,4
성남동,서울특별시,광진구,4
정자3동,경기도,용인시 처인구,4
태평1동,서울특별시,중랑구,4
상대원3동,서울특별시,송파구,4
판교동,서울특별시,동대문구,4
하대원동,경기도,시흥시,4
하대원동,경기도,용인시 기흥구,4
태평1동,서울특별시,은평구,4
하대원동,경기도,의왕시,4
성남동,서울특별시,강북구,4
성남동,경기도,김포시,4
서현2동,서울특별시,도봉구,4
태평1동,경기도,용인시 처인구,4
태평1동,경기도,시흥시,4
태평4동,경기도,용인시 처인구,4
성남동,경기도,구리시,4
태평1동,경기도,부천시 원미구,4
태평4동,경기도,수원시 권선구,4
태평3동,서울특별시,광진구,4
태평1동,경기도,김포시,4
중앙동,서울특별시,서초구,4
성남동,경기도,안양시 만안구,4
태평3동,서울특별시,강남구,4
중앙동,서울특별시,노원구,4
태평3동,경기도,평택시,4
중앙동,경기도,하남시,4
태평3동,경기도,오산시,4
성남동,경기도,이천시,4
성남동,경기도,고양시 일산서구,4
판교동,경기도,남양주시,4
서현1동,서울특별시,영등포구,4
중앙동,경기도,용인시 기흥구,4
서현2동,서울특별시,은평구,4
태평3동,경기도,시흥시,4
판교동,경기도,하남시,4
서현2동,서울특별시,송파구,4
태평1동,서울특별시,마포구,4
태평2동,서울특별시,광진구,4
정자동,서울특별시,서대문구,4
정자동,서울특별시,강서구,4
신흥2동,서울특별시,서초구,4
이매1동,서울특별시,동대문구,4
정자2동,경기도,수원시 권선구,4
야탑3동,서울특별시,서대문구,4
야탑3동,경기도,수원시 팔달구,4
야탑3동,경기도,안산시 상록구,4
신촌동,경기도,용인시 처인구,4
야탑3동,경기도,의정부시,4
야탑3동,경기도,파주시,4
야탑3동,서울특별시,강서구,4
시흥동,서울특별시,강서구,4
시흥동,서울특별시,강동구,4
시흥동,경기도,하남시,4
야탑3동,서울특별시,노원구,4
시흥동,경기도,안양시 동안구,4
야탑3동,경기도,남양주시,4
야탑3동,서울특별시,성동구,4
수진2동,서울특별시,광진구,4
양지동,경기도,남양주시,4
양지동,경기도,수원시 장안구,4
수진2동,경기도,하남시,4
상대원3동,경기도,화성시,4
수진2동,경기도,부천시 원미구,4
운중동,서울특별시,강동구,4
수진1동,서울특별시,영등포구,4
운중동,서울특별시,강북구,4
야탑3동,경기도,수원시 장안구,4
야탑3동,경기도,고양시 덕양구,4
정자1동,서울특별시,노원구,4
야탑1동,경기도,평택시,4
신흥2동,서울특별시,동대문구,4
신흥2동,서울특별시,중구,4
신흥3동,경기도,용인시 처인구,4
신흥3동,서울특별시,관악구,4
신흥3동,서울특별시,동작구,4
신흥3동,서울특별시,은평구,4
야탑1동,경기도,부천시 원미구,4
야탑1동,경기도,수원시 팔달구,4
신흥2동,경기도,수원시 장안구,4
야탑1동,경기도,양주시,4
신흥1동,서울특별시,송파구,4
야탑2동,서울특별시,성북구,4
야탑1동,서울특별시,성북구,4
신흥1동,서울특별시,서초구,4
신흥1동,서울특별시,광진구,4
신흥1동,서울특별시,관악구,4
신흥1동,서울특별시,강동구,4
신흥1동,서울특별시,강남구,4
야탑2동,서울특별시,강서구,4
야탑2동,서울특별시,관악구,4
야탑2동,서울특별시,동대문구,4
야탑2동,서울특별시,동작구,4
수진1동,서울특별시,광진구,4
수진1동,서울특별시,관악구,4
운중동,서울특별시,강서구,4
이매2동,서울특별시,동대문구,4
이매1동,경기도,용인시 처인구,4
이매1동,경기도,이천시,4
이매1동,서울특별시,광진구,4
이매1동,서울특별시,금천구,4
수내1동,서울특별시,동작구,4
신흥2동,서울특별시,동작구,4
이매1동,서울특별시,종로구,4
이매2동,경기도,광주시,4
이매2동,경기도,용인시 기흥구,4
이매2동,경기도,화성시,4
이매2동,서울특별시,동작구,4
수진1동,경기도,용인시 수지구,4
이매2동,서울특별시,마포구,4
수내1동,경기도,화성시,4
이매2동,서울특별시,영등포구,4
이매2동,서울특별시,용산구,4
정자1동,경기도,고양시 덕양구,4
정자1동,경기도,고양시 일산동구,4
정자1동,경기도,고양시 일산서구,4
수내1동,경기도,고양시 덕양구,4
정자1동,경기도,여주시,4
성남동,서울특별시,중구,4
이매1동,경기도,시흥시,4
은행2동,서울특별시,노원구,4
수내2동,경기도,용인시 수지구,4
수내2동,서울특별시,강남구,4
수진1동,경기도,용인시 기흥구,4
수진1동,경기도,안양시 동안구,4
운중동,서울특별시,구로구,4
운중동,서울특별시,중구,4
위례동,경기도,과천시,4
위례동,서울특별시,양천구,4
위례동,서울특별시,영등포구,4
위례동,서울특별시,종로구,4
은행1동,경기도,수원시 영통구,4
은행1동,경기도,용인시 처인구,4
은행1동,경기도,파주시,4
수내3동,경기도,평택시,4
은행1동,경기도,화성시,4
은행1동,서울특별시,관악구,4
은행2동,경기도,고양시 덕양구,4
은행2동,경기도,군포시,4
은행2동,경기도,수원시 장안구,4
수내3동,경기도,고양시 일산동구,4
은행2동,경기도,안양시 동안구,4
은행2동,경기도,양주시,4
은행2동,경기도,용인시 수지구,4
상대원3동,서울특별시,강남구,4
신촌동,경기도,오산시,4
상대원1동,서울특별시,강서구,4
금곡동,경기도,용인시 처인구,4
삼평동,서울특별시,강동구,4
삼평동,경기도,하남시,4
금광1동,경기도,수원시 팔달구,4
백현동,서울특별시,종로구,4
금광1동,경기도,수원시 권선구,4
금광1동,경기도,부천시 원미구,4
금광1동,경기도,고양시 일산서구,4
금곡동,서울특별시,중구,4
금곡동,서울특별시,종로구,4
금곡동,서울특별시,은평구,4
금곡동,서울특별시,용산구,4
금곡동,서울특별시,영등포구,4
금곡동,서울특별시,동작구,4
복정동,경기도,고양시 일산서구,4
분당동,경기도,남양주시,4
삼평동,경기도,파주시,4
복정동,경기도,광명시,4
복정동,경기도,시흥시,4
복정동,경기도,오산시,4
복정동,서울특별시,강북구,4
구미동,서울특별시,도봉구,4
구미동,서울특별시,노원구,4
구미동,경기도,하남시,4
구미동,경기도,평택시,4
복정동,서울특별시,서대문구,4
분당동,경기도,고양시 덕양구,4
구미동,경기도,안산시 단원구,4
구미동,경기도,수원시 팔달구,4
백현동,서울특별시,동대문구,4
백현동,서울특별시,노원구,4
금광1동,경기도,하남시,4
금광1동,경기도,화성시,4
상대원1동,경기도,김포시,4
단대동,서울특별시,노원구,4
상대원1동,경기도,시흥시,4
단대동,경기도,수원시 영통구,4
상대원1동,경기도,하남시,4
도촌동,경기도,안산시 단원구,4
도촌동,경기도,오산시,4
도촌동,경기도,의정부시,4
상대원1동,서울특별시,금천구,4
금광2동,서울특별시,금천구,4
금광2동,서울특별시,강서구,4
도촌동,서울특별시,성동구,4
상대원1동,서울특별시,성동구,4
백현동,경기도,남양주시,4
금광2동,경기도,안양시 만안구,4
금광2동,경기도,안성시,4
금광2동,경기도,수원시 장안구,4
상대원1동,서울특별시,은평구,4
금광2동,경기도,수원시 권선구,4
백현동,경기도,수원시 장안구,4
상대원1동,서울특별시,중랑구,4
백현동,경기도,수원시 팔달구,4
금광1동,서울특별시,중랑구,4
금광1동,서울특별시,성동구,4
백현동,경기도,평택시,4
백현동,경기도,하남시,4
금광1동,서울특별시,강남구,4
구미동,경기도,남양주시,4
금곡동,경기도,수원시 장안구,4
단대동,서울특별시,강서구,4
고등동,서울특별시,동작구,4
고등동,경기도,수원시 장안구,4
분당동,경기도,파주시,4
삼평동,경기도,수원시 장안구,4
분당동,서울특별시,구로구,4
구미1동,경기도,의정부시,4
분당동,서울특별시,노원구,4
고등동,경기도,하남시,4
분당동,서울특별시,성동구,4
고등동,경기도,수원시 권선구,4
분당동,서울특별시,성북구,4
구미1동,경기도,수원시 장안구,4
분당동,서울특별시,은평구,4
상대원3동,경기도,용인시 기흥구,4
고등동,서울특별시,은평구,4
산성동,서울특별시,강동구,4
산성동,경기도,광주시,4
고등동,경기도,수원시 영통구,4
분당동,서울특별시,강서구,4
구미1동,서울특별시,서대문구,4
삼평동,경기도,과천시,4
수진1동,경기도,수원시 장안구,3
위례동,경기도,의왕시,3
산성동,서울특별시,송파구,3
수진1동,서울특별시,구로구,3
단대동,서울특별시,영등포구,3
야탑3동,경기도,평택시,3
산성동,서울특별시,동작구,3
수진2동,경기도,수원시 권선구,3
수진2동,경기도,수원시 팔달구,3
위례동,경기도,안성시,3
수진2동,경기도,시흥시,3
단대동,서울특별시,서대문구,3
수진2동,경기도,오산시,3
수진2동,경기도,평택시,3
백현동,경기도,고양시 덕양구,3
수진1동,경기도,구리시,3
백현동,경기도,시흥시,3
위례동,경기도,파주시,3
야탑3동,경기도,의왕시,3
야탑3동,경기도,양주시,3
삼평동,경기도,광명시,3
야탑3동,경기도,안양시 만안구,3
시흥동,서울특별시,관악구,3
야탑3동,경기도,고양시 일산서구,3
위례동,서울특별시,강북구,3
백현동,경기도,과천시,3
도촌동,서울특별시,중랑구,3
도촌동,경기도,시흥시,3
양지동,경기도,평택시,3
도촌동,경기도,양평군,3
도촌동,경기도,수원시 장안구,3
도촌동,경기도,용인시 수지구,3
삼평동,경기도,고양시 덕양구,3
도촌동,경기도,김포시,3
운중동,경기도,시흥시,3
수진1동,경기도,평택시,3
도촌동,서울특별시,강동구,3
운중동,서울특별시,종로구,3
운중동,경기도,김포시,3
도촌동,서울특별시,관악구,3
양지동,경기도,용인시 기흥구,3
수진1동,경기도,남양주시,3
양지동,경기도,수원시 영통구,3
도촌동,서울특별시,노원구,3
야탑2동,서울특별시,은평구,3
운중동,서울특별시,중랑구,3
위례동,경기도,고양시 일산동구,3
야탑3동,서울특별시,용산구,3
수진1동,서울특별시,강남구,3
도촌동,서울특별시,은평구,3
도촌동,서울특별시,종로구,3
도촌동,경기도,고양시 덕양구,3
위례동,경기도,수원시 영통구,3
시흥동,서울특별시,동대문구,3
분당동,경기도,수원시 장안구,3
야탑2동,서울특별시,영등포구,3
시흥동,서울특별시,동작구,3
야탑1동,경기도,용인시 처인구,3
야탑1동,경기도,오산시,3
복정동,경기도,의왕시,3
야탑1동,경기도,안양시 동안구,3
신흥2동,경기도,수원시 권선구,3
야탑1동,경기도,군포시,3
복정동,서울특별시,동대문구,3
야탑1동,경기도,광명시,3
분당동,경기도,의정부시,3
야탑1동,경기도,과천시,3
분당동,경기도,의왕시,3
야탑1동,경기도,고양시 덕양구,3
신흥2동,경기도,양평군,3
분당동,경기도,여주시,3
복정동,서울특별시,성북구,3
신흥3동,서울특별시,서초구,3
복정동,서울특별시,양천구,3
신흥3동,서울특별시,광진구,3
복정동,서울특별시,은평구,3
신흥2동,경기도,용인시 처인구,3
신흥3동,경기도,하남시,3
신흥3동,경기도,오산시,3
분당동,경기도,안산시 상록구,3
분당동,경기도,과천시,3
신흥2동,서울특별시,강북구,3
신흥2동,서울특별시,용산구,3
신흥2동,서울특별시,광진구,3
분당동,경기도,수원시 팔달구,3
신흥2동,서울특별시,서대문구,3
야탑1동,경기도,이천시,3
야탑1동,경기도,포천시,3
분당동,서울특별시,강북구,3
신흥1동,경기도,포천시,3
야탑2동,서울특별시,양천구,3
신촌동,경기도,하남시,3
백현동,서울특별시,강서구,3
분당동,경기도,부천시 원미구,3
분당동,서울특별시,중구,3
신촌동,서울특별시,동작구,3
신촌동,서울특별시,마포구,3
야탑2동,서울특별시,노원구,3
백현동,서울특별시,은평구,3
신흥1동,경기도,남양주시,3
신흥1동,경기도,안양시 동안구,3
신흥1동,경기도,용인시 처인구,3
신흥1동,경기도,의정부시,3
신흥1동,경기도,하남시,3
복정동,경기도,부천시 원미구,3
야탑2동,서울특별시,강동구,3
야탑2동,경기도,하남시,3
분당동,서울특별시,도봉구,3
복정동,경기도,고양시 일산동구,3
야탑2동,경기도,양주시,3
야탑2동,경기도,시흥시,3
야탑2동,경기도,수원시 장안구,3
복정동,경기도,과천시,3
야탑2동,경기도,고양시 일산동구,3
야탑1동,서울특별시,중구,3
야탑1동,서울특별시,영등포구,3
위례동,서울특별시,구로구,3
복정동,경기도,김포시,3
백현동,서울특별시,구로구,3
상대원3동,경기도,하남시,3
위례동,서울특별시,금천구,3
태평1동,경기도,오산시,3
구미동,경기도,김포시,3
태평1동,경기도,고양시 덕양구,3
태평1동,경기도,고양시 일산서구,3
태평1동,경기도,구리시,3
태평1동,경기도,수원시 팔달구,3
태평1동,경기도,안산시 단원구,3
태평1동,경기도,안양시 동안구,3
구미1동,서울특별시,종로구,3
중앙동,서울특별시,광진구,3
태평1동,경기도,이천시,3
구미1동,서울특별시,성북구,3
구미1동,서울특별시,마포구,3
태평1동,서울특별시,동대문구,3
구미1동,서울특별시,광진구,3
구미1동,서울특별시,강동구,3
태평1동,서울특별시,성북구,3
중앙동,서울특별시,성동구,3
중앙동,경기도,의정부시,3
정자3동,서울특별시,구로구,3
정자동,경기도,의왕시,3
정자3동,서울특별시,서대문구,3
정자3동,서울특별시,서초구,3
금곡동,경기도,과천시,3
정자3동,서울특별시,영등포구,3
구미동,서울특별시,용산구,3
정자동,경기도,안산시 단원구,3
정자동,경기도,양평군,3
구미동,서울특별시,강북구,3
중앙동,경기도,용인시 처인구,3
정자동,서울특별시,구로구,3
정자동,서울특별시,동대문구,3
정자동,서울특별시,양천구,3
구미동,경기도,양주시,3
정자동,서울특별시,용산구,3
구미동,경기도,안양시 동안구,3
구미동,경기도,안성시,3
태평1동,서울특별시,영등포구,3
태평1동,서울특별시,용산구,3
태평2동,경기도,부천시 원미구,3
판교동,서울특별시,종로구,3
고등동,서울특별시,송파구,3
태평4동,서울특별시,강동구,3
태평4동,서울특별시,강서구,3
태평4동,서울특별시,동작구,3
태평4동,서울특별시,은평구,3
판교동,경기도,화성시,3
고등동,경기도,화성시,3
판교동,서울특별시,중구,3
태평2동,경기도,수원시 권선구,3
판교동,서울특별시,중랑구,3
하대원동,경기도,오산시,3
고등동,경기도,부천시 원미구,3
하대원동,경기도,하남시,3
하대원동,서울특별시,금천구,3
하대원동,서울특별시,서초구,3
하대원동,서울특별시,영등포구,3
태평4동,경기도,파주시,3
태평4동,경기도,수원시 장안구,3
고등동,서울특별시,중랑구,3
태평4동,경기도,고양시 덕양구,3
태평2동,경기도,용인시 처인구,3
태평2동,경기도,의정부시,3
태평2동,경기도,이천시,3
태평2동,경기도,파주시,3
구미1동,경기도,안양시 동안구,3
구미1동,경기도,시흥시,3
태평2동,서울특별시,구로구,3
태평2동,서울특별시,노원구,3
태평3동,경기도,고양시 일산서구,3
태평3동,경기도,남양주시,3
태평3동,경기도,수원시 팔달구,3
태평3동,경기도,파주시,3
구미1동,경기도,과천시,3
구미1동,경기도,고양시 일산동구,3
태평3동,서울특별시,마포구,3
정자3동,서울특별시,동대문구,3
정자3동,서울특별시,광진구,3
단대동,서울특별시,강남구,3
은행2동,서울특별시,서초구,3
은행2동,경기도,여주시,3
금광2동,서울특별시,서초구,3
은행2동,서울특별시,구로구,3
금광2동,서울특별시,구로구,3
금광2동,서울특별시,광진구,3
은행2동,서울특별시,동작구,3
은행2동,서울특별시,서대문구,3
은행2동,서울특별시,성동구,3
삼평동,경기도,김포시,3
은행2동,서울특별시,중랑구,3
이매1동,경기도,광명시,3
이매1동,경기도,군포시,3
이매1동,경기도,수원시 장안구,3
금광2동,경기도,의왕시,3
금광2동,경기도,여주시,3
이매1동,경기도,양주시,3
금광2동,서울특별시,양천구,3
금광2동,서울특별시,영등포구,3
금곡동,경기도,군포시,3
은행1동,경기도,오산시,3
단대동,경기도,파주시,3
단대동,경기도,오산시,3
위례동,서울특별시,중구,3
단대동,경기도,안산시 상록구,3
은행1동,경기도,남양주시,3
은행1동,경기도,수원시 장안구,3
은행1동,경기도,수원시 팔달구,3
단대동,경기도,수원시 권선구,3
은행2동,경기도,안산시 단원구,3
은행1동,서울특별시,강남구,3
은행1동,서울특별시,강서구,3
은행1동,서울특별시,광진구,3
은행1동,서울특별시,서대문구,3
은행1동,서울특별시,성북구,3
은행1동,서울특별시,중랑구,3
은행2동,경기도,시흥시,3
이매1동,경기도,오산시,3
금광2동,경기도,시흥시,3
금광2동,경기도,김포시,3
정자2동,서울특별시,서초구,3
금곡동,서울특별시,성북구,3
정자2동,경기도,고양시 덕양구,3
금곡동,서울특별시,동대문구,3
금곡동,서울특별시,노원구,3
정자2동,경기도,의왕시,3
금곡동,경기도,의왕시,3
금곡동,경기도,오산시,3
정자2동,서울특별시,용산구,3
금광2동,경기도,군포시,3
정자3동,경기도,고양시 덕양구,3
정자3동,경기도,광명시,3
정자3동,경기도,수원시 권선구,3
정자3동,경기도,이천시,3
금곡동,경기도,수원시 권선구,3
금곡동,경기도,부천시 원미구,3
금곡동,경기도,김포시,3
정자1동,서울특별시,구로구,3
금광1동,경기도,수원시 장안구,3
정자1동,경기도,포천시,3
정자1동,경기도,평택시,3
금광2동,경기도,고양시 덕양구,3
이매1동,서울특별시,용산구,3
이매1동,서울특별시,중랑구,3
이매2동,경기도,하남시,3
금광1동,서울특별시,동작구,3
이매2동,서울특별시,서초구,3
이매2동,서울특별시,성동구,3
이매2동,서울특별시,송파구,3
금광1동,서울특별시,광진구,3
정자1동,경기도,광명시,3
금광1동,경기도,평택시,3
정자1동,경기도,부천시 원미구,3
금광1동,경기도,오산시,3
정자1동,경기도,안양시 만안구,3
정자1동,경기도,의정부시,3
삼평동,경기도,구리시,3
운중동,경기도,고양시 덕양구,3
서현1동,서울특별시,양천구,3
서현1동,서울특별시,중랑구,3
수내3동,서울특별시,금천구,3
상대원1동,경기도,양주시,3
서현1동,경기도,하남시,3
수내3동,경기도,용인시 처인구,3
성남동,서울특별시,도봉구,3
삼평동,경기도,수원시 팔달구,3
삼평동,경기도,시흥시,3
서현2동,서울특별시,관악구,3
서현1동,경기도,안산시 단원구,3
삼평동,서울특별시,노원구,3
상대원1동,서울특별시,양천구,3
서현2동,서울특별시,노원구,3
서현1동,경기도,안성시,3
서현1동,경기도,광명시,3
수내1동,서울특별시,용산구,3
성남동,경기도,양평군,3
성남동,서울특별시,용산구,3
서현1동,경기도,양주시,3
수내1동,경기도,양주시,3
서현1동,경기도,양평군,3
수내3동,경기도,화성시,3
수내1동,서울특별시,중구,3
성남동,경기도,광명시,3
수내1동,경기도,시흥시,3
성남동,경기도,고양시 일산동구,3
서현2동,서울특별시,성북구,3
수내1동,경기도,수원시 장안구,3
서현2동,경기도,남양주시,3
서현1동,경기도,연천군,3
상대원1동,경기도,고양시 덕양구,3
서현1동,경기도,군포시,3
서현2동,서울특별시,용산구,3
삼평동,서울특별시,마포구,3
서현1동,경기도,수원시 권선구,3
상대원1동,서울특별시,구로구,3
상대원1동,서울특별시,광진구,3
서현1동,경기도,수원시 장안구,3
상대원3동,서울특별시,강동구,3
삼평동,경기도,수원시 권선구,3
수내2동,서울특별시,성동구,3
삼평동,서울특별시,동대문구,3
상대원1동,서울특별시,동작구,3
수내1동,경기도,이천시,3
성남동,경기도,의왕시,3
삼평동,경기도,안성시,3
상대원1동,경기도,평택시,3
금곡동,경기도,시흥시,2
야탑2동,경기도,파주시,2
복정동,경기도,가평군,2
야탑3동,경기도,안산시 단원구,2
정자3동,경기도,오산시,2
백현동,서울특별시,중구,2
금곡동,경기도,이천시,2
야탑3동,서울특별시,강북구,2
정자2동,서울특별시,강북구,2
야탑2동,경기도,평택시,2
금곡동,경기도,파주시,2
정자3동,경기도,파주시,2
정자3동,경기도,평택시,2
서현2동,경기도,안산시 단원구,2
야탑2동,경기도,안양시 만안구,2
야탑2동,경기도,안양시 동안구,2
정자3동,서울특별시,강동구,2
백현동,경기도,고양시 일산서구,2
상대원2동,서울특별시,송파구,2
수내2동,경기도,과천시,2
정자2동,경기도,하남시,2
서현2동,경기도,수원시 권선구,2
정자3동,서울특별시,금천구,2
정자3동,서울특별시,노원구,2
정자3동,경기도,여주시,2
야탑2동,서울특별시,금천구,2
수내1동,서울특별시,은평구,2
야탑2동,서울특별시,중구,2
정자2동,서울특별시,영등포구,2
백현동,경기도,양주시,2
수내1동,서울특별시,광진구,2
정자2동,서울특별시,중랑구,2
야탑3동,경기도,김포시,2
서현2동,경기도,양주시,2
금곡동,경기도,양주시,2
정자2동,서울특별시,서대문구,2
수내1동,서울특별시,구로구,2
수내1동,서울특별시,노원구,2
백현동,경기도,안성시,2
수내1동,서울특별시,도봉구,2
서현2동,경기도,부천시 원미구,2
수내1동,서울특별시,동대문구,2
백현동,서울특별시,양천구,2
야탑2동,서울특별시,용산구,2
백현동,경기도,안산시 상록구,2
백현동,서울특별시,강동구,2
금곡동,경기도,안산시 상록구,2
삼평동,서울특별시,금천구,2
정자2동,서울특별시,노원구,2
삼평동,서울특별시,성북구,2
삼평동,서울특별시,구로구,2
정자3동,경기도,안성시,2
삼평동,서울특별시,양천구,2
정자3동,경기도,안양시 동안구,2
정자2동,서울특별시,강서구,2
삼평동,서울특별시,종로구,2
하대원동,서울특별시,중랑구,2
야탑1동,서울특별시,은평구,2
금곡동,경기도,구리시,2
야탑2동,경기도,부천시 소사구,2
상대원3동,경기도,고양시 일산동구,2
중앙동,경기도,용인시 수지구,2
중앙동,경기도,양평군,2
신흥3동,서울특별시,강북구,2
중앙동,경기도,안양시 만안구,2
신흥3동,서울특별시,구로구,2
신흥3동,서울특별시,금천구,2
신흥3동,서울특별시,노원구,2
중앙동,경기도,수원시 영통구,2
중앙동,경기도,부천시 원미구,2
중앙동,경기도,군포시,2
중앙동,경기도,고양시 일산동구,2
중앙동,경기도,가평군,2
정자동,서울특별시,중랑구,2
구미동,경기도,안양시 만안구,2
야탑1동,경기도,고양시 일산동구,2
수내2동,서울특별시,강동구,2
수내2동,서울특별시,마포구,2
중앙동,경기도,의왕시,2
중앙동,경기도,화성시,2
서현1동,서울특별시,노원구,2
구미동,경기도,군포시,2
태평1동,경기도,고양시 일산동구,2
서현1동,서울특별시,구로구,2
신흥3동,경기도,김포시,2
신흥3동,경기도,수원시 권선구,2
중앙동,서울특별시,용산구,2
중앙동,서울특별시,양천구,2
신흥3동,경기도,안성시,2
신흥3동,경기도,이천시,2
신흥3동,경기도,안양시 동안구,2
상대원3동,경기도,남양주시,2
중앙동,서울특별시,강서구,2
신흥3동,경기도,용인시 수지구,2
중앙동,서울특별시,강동구,2
중앙동,서울특별시,강남구,2
신흥3동,경기도,의정부시,2
정자동,서울특별시,성북구,2
구미동,경기도,오산시,2
야탑1동,경기도,김포시,2
금곡동,경기도,고양시 덕양구,2
구미동,서울특별시,중구,2
정자동,경기도,수원시 권선구,2
정자동,경기도,남양주시,2
정자동,경기도,김포시,2
정자동,경기도,군포시,2
정자동,경기도,광명시,2
야탑1동,서울특별시,양천구,2
정자2동,경기도,의정부시,2
야탑1동,서울특별시,금천구,2
정자3동,서울특별시,은평구,2
정자3동,서울특별시,용산구,2
정자3동,서울특별시,성동구,2
야탑2동,경기도,광명시,2
서현2동,경기도,부천시 소사구,2
야탑2동,경기도,군포시,2
금곡동,경기도,광명시,2
야탑1동,서울특별시,노원구,2
야탑1동,서울특별시,구로구,2
구미동,경기도,의정부시,2
복정동,경기도,여주시,2
정자동,서울특별시,동작구,2
서현1동,서울특별시,은평구,2
구미동,경기도,이천시,2
구미동,경기도,파주시,2
야탑1동,경기도,시흥시,2
야탑1동,경기도,안산시 상록구,2
정자동,경기도,파주시,2
구미동,서울특별시,성동구,2
복정동,경기도,수원시 팔달구,2
복정동,경기도,양평군,2
정자동,경기도,안성시,2
야탑1동,경기도,하남시,2
복정동,경기도,양주시,2
정자동,경기도,안산시 상록구,2
복정동,경기도,안성시,2
정자동,경기도,수원시 장안구,2
야탑3동,서울특별시,도봉구,2
서현2동,경기도,의정부시,2
수내1동,경기도,파주시,2
성남동,서울특별시,성북구,2
이매1동,서울특별시,강북구,2
위례동,서울특별시,노원구,2
단대동,경기도,포천시,2
단대동,경기도,평택시,2
상대원1동,경기도,부천시 원미구,2
이매1동,경기도,파주시,2
성남동,경기도,부천시 오정구,2
금광2동,경기도,양평군,2
이매1동,경기도,남양주시,2
이매1동,경기도,여주시,2
이매1동,경기도,양평군,2
상대원1동,서울특별시,영등포구,2
은행1동,경기도,고양시 덕양구,2
은행1동,경기도,군포시,2
은행1동,경기도,김포시,2
이매1동,경기도,수원시 권선구,2
이매1동,서울특별시,강서구,2
금광2동,경기도,부천시 오정구,2
단대동,서울특별시,광진구,2
이매1동,서울특별시,구로구,2
단대동,서울특별시,중랑구,2
이매2동,경기도,안양시 동안구,2
위례동,경기도,수원시 팔달구,2
위례동,경기도,안산시 상록구,2
위례동,경기도,양주시,2
금광1동,서울특별시,중구,2
위례동,경기도,여주시,2
위례동,경기도,오산시,2
단대동,서울특별시,서초구,2
상대원1동,경기도,광명시,2
위례동,경기도,의정부시,2
금광2동,경기도,광명시,2
이매1동,서울특별시,동작구,2
이매1동,서울특별시,도봉구,2
상대원1동,경기도,군포시,2
이매1동,경기도,부천시 원미구,2
이매1동,경기도,김포시,2
서현2동,경기도,용인시 처인구,2
단대동,경기도,고양시 일산서구,2
은행1동,서울특별시,은평구,2
금광2동,서울특별시,서대문구,2
은행2동,경기도,파주시,2
은행2동,경기도,고양시 일산서구,2
은행2동,경기도,의정부시,2
은행2동,경기도,광명시,2
은행2동,경기도,의왕시,2
단대동,경기도,가평군,2
상대원1동,경기도,안성시,2
금광2동,서울특별시,성북구,2
은행2동,경기도,오산시,2
은행2동,경기도,부천시 원미구,2
금광2동,서울특별시,중랑구,2
은행2동,경기도,수원시 팔달구,2
상대원1동,서울특별시,강남구,2
성남동,경기도,포천시,2
금광2동,서울특별시,도봉구,2
상대원1동,경기도,파주시,2
은행2동,서울특별시,광진구,2
은행2동,서울특별시,금천구,2
은행1동,경기도,시흥시,2
이매1동,경기도,구리시,2
금광2동,경기도,파주시,2
은행1동,경기도,안양시 동안구,2
은행1동,경기도,안양시 만안구,2
이매1동,경기도,과천시,2
상대원1동,서울특별시,서초구,2
은행2동,서울특별시,종로구,2
은행2동,서울특별시,성북구,2
성남동,경기도,양주시,2
은행1동,서울특별시,강북구,2
성남동,경기도,여주시,2
은행2동,서울특별시,도봉구,2
은행1동,서울특별시,동대문구,2
상대원1동,서울특별시,동대문구,2
위례동,경기도,구리시,2
이매2동,경기도,이천시,2
이매2동,경기도,평택시,2
도촌동,서울특별시,광진구,2
서현2동,서울특별시,강북구,2
금곡동,서울특별시,중랑구,2
양지동,경기도,용인시 수지구,2
양지동,경기도,의정부시,2
양지동,경기도,이천시,2
수내1동,경기도,여주시,2
양지동,경기도,포천시,2
양지동,서울특별시,강남구,2
금광1동,서울특별시,서초구,2
양지동,서울특별시,강동구,2
정자1동,서울특별시,도봉구,2
양지동,서울특별시,관악구,2
서현2동,서울특별시,구로구,2
양지동,서울특별시,금천구,2
서현2동,서울특별시,금천구,2
양지동,서울특별시,마포구,2
상대원2동,경기도,이천시,2
상대원2동,경기도,화성시,2
서현2동,경기도,평택시,2
정자2동,경기도,고양시 일산서구,2
금곡동,경기도,평택시,2
도촌동,서울특별시,성북구,2
수내1동,경기도,의왕시,2
도촌동,서울특별시,서대문구,2
수내1동,경기도,용인시 처인구,2
야탑3동,서울특별시,은평구,2
야탑3동,서울특별시,종로구,2
야탑3동,서울특별시,중구,2
정자2동,경기도,안성시,2
정자2동,경기도,시흥시,2
양지동,경기도,광명시,2
도촌동,서울특별시,도봉구,2
신흥3동,경기도,고양시 덕양구,2
정자2동,경기도,부천시 소사구,2
정자2동,경기도,남양주시,2
금광1동,경기도,안산시 상록구,2
양지동,서울특별시,송파구,2
양지동,서울특별시,영등포구,2
운중동,경기도,이천시,2
도촌동,경기도,여주시,2
정자1동,경기도,과천시,2
도촌동,경기도,안양시 만안구,2
도촌동,경기도,안성시,2
서현2동,서울특별시,영등포구,2
금광1동,서울특별시,강동구,2
도촌동,경기도,수원시 팔달구,2
서현2동,서울특별시,종로구,2
금광1동,서울특별시,금천구,2
도촌동,경기도,남양주시,2
상대원1동,경기도,고양시 일산서구,2
금광1동,서울특별시,노원구,2
이매2동,서울특별시,강서구,2
이매2동,서울특별시,강북구,2
금광1동,서울특별시,서대문구,2
운중동,경기도,파주시,2
서현2동,서울특별시,성동구,2
양지동,서울특별시,중랑구,2
정자1동,경기도,남양주시,2
정자1동,경기도,이천시,2
운중동,경기도,과천시,2
운중동,경기도,광명시,2
도촌동,서울특별시,강서구,2
서현2동,서울특별시,동작구,2
정자1동,경기도,의왕시,2
운중동,경기도,수원시 장안구,2
운중동,경기도,수원시 팔달구,2
정자1동,경기도,안성시,2
운중동,경기도,안산시 상록구,2
운중동,경기도,안성시,2
정자1동,경기도,안산시 상록구,2
금광1동,경기도,용인시 수지구,2
금광1동,경기도,이천시,2
상대원2동,경기도,안양시 동안구,2
상대원3동,경기도,부천시 원미구,2
서현1동,서울특별시,중구,2
신흥2동,서울특별시,중랑구,2
태평4동,경기도,구리시,2
신촌동,경기도,파주시,2
태평3동,경기도,안산시 상록구,2
신촌동,경기도,용인시 수지구,2
신촌동,경기도,양주시,2
태평3동,경기도,의정부시,2
태평3동,서울특별시,강서구,2
상대원3동,경기도,용인시 수지구,2
태평3동,서울특별시,동대문구,2
태평3동,서울특별시,동작구,2
태평3동,서울특별시,서대문구,2
태평3동,서울특별시,성북구,2
태평3동,서울특별시,양천구,2
태평3동,서울특별시,은평구,2
태평4동,경기도,김포시,2
분당동,서울특별시,금천구,2
시흥동,서울특별시,광진구,2
수내3동,경기도,이천시,2
산성동,경기도,시흥시,2
태평4동,경기도,수원시 팔달구,2
태평4동,경기도,안성시,2
시흥동,경기도,수원시 영통구,2
시흥동,경기도,수원시 권선구,2
시흥동,경기도,부천시 원미구,2
고등동,서울특별시,성북구,2
태평4동,서울특별시,동대문구,2
상대원3동,서울특별시,중랑구,2
태평4동,서울특별시,마포구,2
고등동,서울특별시,서초구,2
서현1동,경기도,부천시 원미구,2
삼평동,경기도,안양시 만안구,2
태평3동,경기도,수원시 장안구,2
수내3동,경기도,양평군,2
태평2동,경기도,수원시 팔달구,2
수내3동,경기도,수원시 팔달구,2
분당동,서울특별시,서대문구,2
신흥1동,경기도,이천시,2
수내3동,경기도,시흥시,2
태평2동,경기도,안산시 단원구,2
태평2동,경기도,안산시 상록구,2
신흥1동,경기도,용인시 수지구,2
수내3동,경기도,안산시 상록구,2
태평2동,경기도,오산시,2
수내3동,경기도,안성시,2
신흥1동,경기도,안성시,2
태평2동,경기도,의왕시,2
신흥1동,경기도,시흥시,2
신흥1동,경기도,수원시 팔달구,2
신흥1동,경기도,수원시 권선구,2
구미1동,경기도,양주시,2
신흥1동,경기도,부천시 오정구,2
신흥1동,경기도,김포시,2
구미1동,경기도,안성시,2
태평2동,서울특별시,강서구,2
서현1동,경기도,안산시 상록구,2
구미1동,경기도,수원시 팔달구,2
태평2동,서울특별시,마포구,2
분당동,서울특별시,종로구,2
태평2동,서울특별시,서초구,2
서현1동,경기도,수원시 팔달구,2
고등동,서울특별시,서대문구,2
태평4동,서울특별시,용산구,2
상대원3동,서울특별시,은평구,2
수진1동,서울특별시,용산구,2
수진1동,서울특별시,양천구,2
하대원동,경기도,고양시 일산동구,2
수진1동,서울특별시,서초구,2
수진1동,서울특별시,동대문구,2
고등동,경기도,시흥시,2
하대원동,경기도,수원시 팔달구,2
상대원3동,서울특별시,동작구,2
수내3동,서울특별시,구로구,2
수진1동,경기도,이천시,2
하대원동,경기도,안산시 상록구,2
하대원동,경기도,용인시 처인구,2
고등동,경기도,남양주시,2
상대원3동,경기도,평택시,2
수진1동,경기도,안산시 단원구,2
하대원동,서울특별시,강동구,2
하대원동,서울특별시,강서구,2
삼평동,경기도,고양시 일산서구,2
수진1동,경기도,수원시 권선구,2
상대원3동,서울특별시,관악구,2
하대원동,서울특별시,노원구,2
하대원동,서울특별시,동작구,2
수진1동,경기도,군포시,2
상대원3동,서울특별시,강서구,2
수진1동,경기도,고양시 일산동구,2
수내3동,서울특별시,은평구,2
수내3동,서울특별시,마포구,2
삼평동,경기도,남양주시,2
하대원동,경기도,고양시 덕양구,2
하대원동,경기도,가평군,2
수진2동,서울특별시,양천구,2
상대원3동,서울특별시,마포구,2
고등동,서울특별시,마포구,2
수진2동,서울특별시,서초구,2
판교동,경기도,군포시,2
수진2동,서울특별시,마포구,2
수진2동,서울특별시,동작구,2
수진2동,서울특별시,노원구,2
수진2동,서울특별시,금천구,2
산성동,경기도,평택시,2
판교동,경기도,수원시 장안구,2
판교동,경기도,시흥시,2
고등동,서울특별시,노원구,2
수내3동,경기도,파주시,2
수진2동,경기도,용인시 처인구,2
판교동,서울특별시,강북구,2
판교동,서울특별시,광진구,2
수진2동,경기도,안양시 동안구,2
판교동,서울특별시,노원구,2
고등동,경기도,파주시,2
수진2동,경기도,수원시 장안구,2
고등동,경기도,의정부시,2
삼평동,경기도,안산시 단원구,2
수내3동,서울특별시,강동구,2
수진2동,경기도,군포시,2
수진2동,경기도,구리시,2
판교동,서울특별시,용산구,2
수진2동,경기도,고양시 일산동구,2
수진1동,서울특별시,중랑구,2
수내3동,경기도,수원시 권선구,2
금광2동,서울특별시,용산구,2
신흥1동,서울특별시,강북구,2
구미동,경기도,고양시 덕양구,2
구미1동,경기도,이천시,2
신흥1동,서울특별시,양천구,2
태평1동,서울특별시,노원구,2
수내3동,경기도,군포시,2
신흥1동,서울특별시,영등포구,2
구미1동,서울특별시,중랑구,2
삼평동,경기도,오산시,2
구미1동,경기도,파주시,2
태평1동,서울특별시,도봉구,2
신흥1동,서울특별시,중구,2
신흥1동,서울특별시,중랑구,2
상대원3동,경기도,안양시 만안구,2
태평1동,서울특별시,동작구,2
신흥2동,경기도,남양주시,2
수내2동,서울특별시,용산구,2
신흥2동,경기도,의왕시,2
신흥2동,경기도,고양시 일산동구,2
구미1동,경기도,평택시,2
신흥2동,경기도,이천시,2
태평1동,경기도,포천시,2
수내2동,서울특별시,종로구,2
신흥2동,경기도,광명시,2
수내3동,경기도,김포시,2
구미1동,서울특별시,강북구,2
신흥2동,서울특별시,강서구,2
태평1동,경기도,의정부시,2
상대원3동,경기도,시흥시,2
신흥2동,경기도,구리시,2
수내3동,경기도,고양시 덕양구,2
수내3동,경기도,광명시,2
태평1동,서울특별시,종로구,2
분당동,경기도,안양시 만안구,2
신흥2동,경기도,안양시 동안구,2
서현1동,경기도,파주시,2
신흥2동,경기도,안산시 단원구,2
구미1동,서울특별시,구로구,2
신흥1동,서울특별시,강서구,2
태평2동,경기도,구리시,2
신흥1동,서울특별시,동대문구,2
신흥2동,경기도,수원시 팔달구,2
구미1동,서울특별시,동대문구,2
신흥1동,서울특별시,도봉구,2
분당동,경기도,구리시,2
신흥2동,서울특별시,영등포구,2
신흥2동,경기도,여주시,2
구미1동,서울특별시,노원구,2
구미동,경기도,고양시 일산동구,2
태평2동,경기도,고양시 일산서구,2
상대원3동,경기도,파주시,1
판교동,서울특별시,양천구,1
상대원3동,서울특별시,영등포구,1
고등동,경기도,의왕시,1
고등동,서울특별시,강북구,1
태평1동,서울특별시,강북구,1
고등동,서울특별시,강동구,1
이매1동,서울특별시,양천구,1
상대원3동,서울특별시,양천구,1
금광2동,경기도,부천시 원미구,1
이매2동,서울특별시,종로구,1
상대원3동,경기도,고양시 덕양구,1
구미1동,서울특별시,양천구,1
서현1동,경기도,포천시,1
금광2동,경기도,고양시 일산동구,1
중앙동,경기도,수원시 장안구,1
판교동,서울특별시,금천구,1
금광2동,경기도,구리시,1
금광1동,서울특별시,은평구,1
정자동,서울특별시,종로구,1
고등동,서울특별시,동대문구,1
판교동,경기도,김포시,1
금광2동,경기도,동두천시,1
중앙동,경기도,안산시 상록구,1
상대원2동,경기도,수원시 권선구,1
서현2동,서울특별시,중랑구,1
금광1동,서울특별시,강북구,1
이매1동,서울특별시,중구,1
판교동,경기도,오산시,1
성남동,경기도,가평군,1
판교동,경기도,양주시,1
판교동,경기도,안양시 만안구,1
중앙동,경기도,남양주시,1
판교동,경기도,부천시 원미구,1
서현2동,서울특별시,중구,1
중앙동,경기도,고양시 덕양구,1
금광1동,서울특별시,마포구,1
상대원3동,경기도,안산시 상록구,1
상대원2동,서울특별시,중랑구,1
이매2동,서울특별시,광진구,1
이매2동,서울특별시,구로구,1
판교동,경기도,안산시 단원구,1
금광1동,서울특별시,동대문구,1
고등동,서울특별시,금천구,1
이매2동,경기도,용인시 처인구,1
판교동,경기도,용인시 처인구,1
이매2동,경기도,동두천시,1
이매2동,서울특별시,노원구,1
중앙동,경기도,부천시 소사구,1
이매2동,경기도,고양시 일산서구,1
판교동,경기도,이천시,1
이매2동,경기도,과천시,1
이매2동,경기도,군포시,1
금광1동,서울특별시,영등포구,1
이매2동,경기도,오산시,1
판교동,경기도,의정부시,1
이매2동,경기도,양주시,1
상대원2동,경기도,수원시 팔달구,1
판교동,경기도,의왕시,1
금광1동,서울특별시,구로구,1
상대원1동,서울특별시,종로구,1
판교동,경기도,포천시,1
중앙동,경기도,이천시,1
구미1동,서울특별시,은평구,1
상대원3동,경기도,부천시 소사구,1
금광2동,서울특별시,동대문구,1
하대원동,서울특별시,강북구,1
금광2동,서울특별시,노원구,1
은행2동,서울특별시,강북구,1
은행2동,서울특별시,강서구,1
서현1동,서울특별시,도봉구,1
상대원1동,서울특별시,도봉구,1
하대원동,서울특별시,강남구,1
고등동,경기도,김포시,1
성남동,경기도,동두천시,1
구미동,경기도,가평군,1
성남동,경기도,연천군,1
은행2동,서울특별시,마포구,1
상대원3동,서울특별시,도봉구,1
하대원동,경기도,여주시,1
하대원동,경기도,양평군,1
하대원동,경기도,안양시 동안구,1
하대원동,경기도,안성시,1
금광2동,서울특별시,마포구,1
중앙동,서울특별시,영등포구,1
구미동,경기도,과천시,1
고등동,경기도,구리시,1
태평1동,경기도,광명시,1
하대원동,서울특별시,중구,1
구미동,경기도,광명시,1
하대원동,서울특별시,은평구,1
은행2동,경기도,양평군,1
하대원동,서울특별시,용산구,1
하대원동,서울특별시,성북구,1
하대원동,서울특별시,성동구,1
태평1동,경기도,가평군,1
금광2동,서울특별시,성동구,1
중앙동,서울특별시,중구,1
하대원동,서울특별시,서대문구,1
하대원동,서울특별시,마포구,1
중앙동,서울특별시,종로구,1
중앙동,서울특별시,은평구,1
태평1동,경기도,동두천시,1
은행2동,경기도,이천시,1
구미동,경기도,부천시 오정구,1
상대원1동,서울특별시,마포구,1
금광2동,서울특별시,강북구,1
금광2동,경기도,의정부시,1
하대원동,경기도,광명시,1
성남동,경기도,안산시 단원구,1
상대원1동,서울특별시,성북구,1
이매1동,경기도,안성시,1
하대원동,경기도,고양시 일산서구,1
태평1동,경기도,안양시 만안구,1
이매1동,경기도,안양시 만안구,1
태평1동,경기도,양주시,1
태평1동,경기도,양평군,1
상대원3동,서울특별시,용산구,1
금광2동,경기도,양주시,1
태평1동,경기도,여주시,1
성남동,경기도,부천시 원미구,1
상대원3동,서울특별시,서초구,1
금광2동,경기도,안산시 단원구,1
상대원3동,서울특별시,성북구,1
성남동,경기도,부천시 소사구,1
태평1동,경기도,안성시,1
고등동,경기도,안성시,1
은행2동,서울특별시,용산구,1
하대원동,경기도,구리시,1
은행2동,서울특별시,은평구,1
중앙동,서울특별시,동대문구,1
은행2동,서울특별시,중구,1
하대원동,경기도,안산시 단원구,1
이매1동,경기도,가평군,1
이매1동,경기도,고양시 덕양구,1
서현1동,서울특별시,강북구,1
이매1동,경기도,고양시 일산동구,1
상대원3동,경기도,김포시,1
구미동,경기도,시흥시,1
하대원동,경기도,수원시 영통구,1
하대원동,경기도,수원시 권선구,1
하대원동,경기도,부천시 원미구,1
성남동,경기도,안산시 상록구,1
하대원동,경기도,남양주시,1
태평1동,경기도,안산시 상록구,1
하대원동,경기도,군포시,1
구미1동,서울특별시,도봉구,1
정자1동,경기도,안산시 단원구,1
판교동,경기도,과천시,1
서현2동,경기도,오산시,1
태평2동,서울특별시,중랑구,1
태평2동,서울특별시,은평구,1
태평2동,서울특별시,용산구,1
서현2동,경기도,연천군,1
정자2동,서울특별시,양천구,1
태평2동,서울특별시,성북구,1
서현2동,경기도,여주시,1
정자2동,서울특별시,은평구,1
정자2동,서울특별시,종로구,1
정자2동,서울특별시,중구,1
서현2동,경기도,양평군,1
정자3동,경기도,고양시 일산서구,1
태평2동,서울특별시,동작구,1
태평2동,서울특별시,동대문구,1
정자3동,경기도,김포시,1
정자3동,경기도,부천시 소사구,1
태평2동,서울특별시,도봉구,1
금곡동,경기도,연천군,1
구미1동,경기도,수원시 권선구,1
태평2동,서울특별시,금천구,1
태평3동,경기도,부천시 소사구,1
구미1동,경기도,김포시,1
정자2동,경기도,평택시,1
구미1동,경기도,남양주시,1
구미1동,경기도,동두천시,1
서현1동,경기도,의왕시,1
태평3동,경기도,여주시,1
금곡동,경기도,의정부시,1
태평3동,경기도,안양시 만안구,1
태평3동,경기도,안양시 동안구,1
상대원2동,서울특별시,구로구,1
정자2동,서울특별시,구로구,1
정자2동,서울특별시,금천구,1
서현2동,경기도,구리시,1
정자동,경기도,수원시 팔달구,1
태평1동,서울특별시,양천구,1
태평3동,경기도,수원시 권선구,1
정자2동,서울특별시,동대문구,1
정자3동,경기도,부천시 오정구,1
정자3동,경기도,부천시 원미구,1
상대원2동,경기도,안산시 상록구,1
정자3동,서울특별시,종로구,1
태평2동,경기도,연천군,1
태평2동,경기도,양평군,1
태평2동,경기도,안양시 만안구,1
정자3동,경기도,의왕시,1
서현2동,경기도,안산시 상록구,1
태평2동,경기도,안양시 동안구,1
서현2동,경기도,김포시,1
서현2동,경기도,시흥시,1
금곡동,경기도,부천시 오정구,1
태평2동,경기도,군포시,1
태평2동,경기도,김포시,1
서현2동,경기도,수원시 팔달구,1
태평2동,경기도,시흥시,1
서현1동,경기도,여주시,1
구미1동,경기도,연천군,1
서현2동,경기도,부천시 오정구,1
태평2동,경기도,수원시 장안구,1
금곡동,경기도,안산시 단원구,1
정자동,경기도,고양시 덕양구,1
태평1동,서울특별시,중구,1
구미1동,경기도,의왕시,1
서현2동,경기도,안양시 만안구,1
정자동,경기도,부천시 소사구,1
금곡동,경기도,안성시,1
태평2동,서울특별시,강북구,1
구미1동,경기도,안산시 상록구,1
정자3동,경기도,수원시 팔달구,1
태평2동,경기도,포천시,1
정자3동,경기도,안산시 단원구,1
정자3동,경기도,안산시 상록구,1
구미동,서울특별시,중랑구,1
서현1동,경기도,오산시,1
정자동,경기도,과천시,1
서현1동,경기도,안양시 만안구,1
정자3동,경기도,안양시 만안구,1
정자동,경기도,고양시 일산서구,1
정자3동,경기도,양평군,1
태평2동,경기도,광명시,1
태평3동,경기도,이천시,1
구미1동,경기도,구리시,1
태평3동,경기도,하남시,1
서현1동,경기도,고양시 일산동구,1
고등동,서울특별시,양천구,1
태평4동,경기도,이천시,1
상대원2동,경기도,용인시 기흥구,1
상대원2동,경기도,용인시 수지구,1
태평4동,경기도,의정부시,1
금광1동,경기도,안성시,1
고등동,서울특별시,영등포구,1
태평4동,경기도,여주시,1
태평4동,경기도,양평군,1
금광1동,경기도,안산시 단원구,1
태평4동,경기도,안양시 만안구,1
정자1동,서울특별시,강북구,1
태평4동,경기도,안산시 상록구,1
은행2동,경기도,안성시,1
금광1동,경기도,수원시 영통구,1
상대원3동,경기도,의정부시,1
태평4동,경기도,수원시 영통구,1
정자동,서울특별시,노원구,1
금광1동,경기도,안양시 만안구,1
금곡동,경기도,포천시,1
금광1동,경기도,양평군,1
상대원2동,서울특별시,종로구,1
구미동,경기도,여주시,1
구미1동,서울특별시,금천구,1
구미동,경기도,의왕시,1
정자1동,경기도,동두천시,1
태평4동,서울특별시,서대문구,1
금광1동,경기도,의정부시,1
금광1동,경기도,의왕시,1
태평4동,서울특별시,구로구,1
태평4동,서울특별시,관악구,1
태평4동,서울특별시,강북구,1
서현2동,서울특별시,서대문구,1
상대원3동,경기도,이천시,1
고등동,서울특별시,성동구,1
정자1동,경기도,양평군,1
정자1동,경기도,연천군,1
정자1동,경기도,오산시,1
정자1동,서울특별시,금천구,1
상대원3동,경기도,안성시,1
고등동,서울특별시,중구,1
태평4동,경기도,부천시 원미구,1
구미동,경기도,구리시,1
상대원2동,서울특별시,양천구,1
금곡동,서울특별시,금천구,1
정자2동,경기도,수원시 팔달구,1
상대원3동,경기도,용인시 처인구,1
정자동,경기도,양주시,1
정자동,경기도,안양시 만안구,1
태평3동,서울특별시,금천구,1
금곡동,서울특별시,구로구,1
정자2동,경기도,오산시,1
태평3동,서울특별시,구로구,1
구미1동,경기도,고양시 덕양구,1
구미동,서울특별시,양천구,1
태평3동,서울특별시,강북구,1
금곡동,서울특별시,강북구,1
서현1동,경기도,부천시 소사구,1
태평3동,경기도,화성시,1
정자2동,경기도,동두천시,1
정자2동,경기도,김포시,1
정자2동,경기도,군포시,1
태평4동,경기도,광명시,1
태평4동,경기도,부천시 소사구,1
정자동,경기도,포천시,1
태평4동,경기도,군포시,1
서현2동,경기도,고양시 일산서구,1
금광1동,경기도,김포시,1
금광1동,경기도,군포시,1
서현1동,경기도,구리시,1
태평3동,서울특별시,중랑구,1
상대원2동,서울특별시,광진구,1
태평3동,서울특별시,종로구,1
정자동,경기도,용인시 처인구,1
서현2동,경기도,하남시,1
금곡동,서울특별시,양천구,1
태평3동,서울특별시,영등포구,1
구미1동,서울특별시,강서구,1
서현2동,경기도,파주시,1
태평3동,서울특별시,성동구,1
수내3동,서울특별시,성동구,1
은행2동,경기도,안산시 상록구,1
수내2동,경기도,하남시,1
신흥3동,경기도,의왕시,1
신흥3동,경기도,평택시,1
수내2동,서울특별시,동작구,1
복정동,서울특별시,중구,1
신흥3동,서울특별시,성동구,1
신흥3동,서울특별시,성북구,1
상대원1동,서울특별시,강북구,1
신흥3동,서울특별시,종로구,1
신흥3동,서울특별시,중랑구,1
야탑1동,경기도,고양시 일산서구,1
삼평동,경기도,의정부시,1
야탑1동,경기도,구리시,1
복정동,서울특별시,노원구,1
신흥2동,경기도,동두천시,1
복정동,경기도,의정부시,1
야탑1동,경기도,안산시 단원구,1
삼평동,경기도,이천시,1
수내2동,경기도,용인시 기흥구,1
야탑1동,경기도,의정부시,1
야탑1동,경기도,파주시,1
수내2동,경기도,양평군,1
복정동,경기도,안양시 만안구,1
복정동,경기도,안산시 상록구,1
야탑1동,서울특별시,도봉구,1
수내2동,경기도,안양시 동안구,1
복정동,경기도,부천시 오정구,1
분당동,경기도,고양시 일산서구,1
수내2동,서울특별시,서대문구,1
신흥3동,경기도,수원시 팔달구,1
신흥3동,경기도,수원시 영통구,1
신흥2동,경기도,안성시,1
수내3동,경기도,과천시,1
신흥2동,경기도,오산시,1
분당동,경기도,오산시,1
수내3동,경기도,고양시 일산서구,1
신흥2동,경기도,의정부시,1
신흥2동,경기도,파주시,1
분당동,경기도,양평군,1
분당동,경기도,양주시,1
분당동,경기도,안성시,1
분당동,경기도,안산시 단원구,1
신흥2동,서울특별시,금천구,1
수내2동,서울특별시,영등포구,1
수내2동,서울특별시,송파구,1
분당동,경기도,부천시 소사구,1
분당동,경기도,동두천시,1
수내2동,서울특별시,성북구,1
분당동,경기도,김포시,1
신흥2동,서울특별시,종로구,1
분당동,경기도,광명시,1
신흥3동,경기도,광명시,1
수내2동,서울특별시,서초구,1
신흥3동,경기도,군포시,1
신흥3동,경기도,남양주시,1
신흥3동,경기도,동두천시,1
복정동,경기도,부천시 소사구,1
복정동,경기도,동두천시,1
수내2동,경기도,수원시 팔달구,1
야탑3동,경기도,과천시,1
야탑3동,경기도,구리시,1
야탑3동,경기도,군포시,1
백현동,경기도,파주시,1
야탑3동,경기도,부천시 소사구,1
백현동,경기도,이천시,1
백현동,경기도,의정부시,1
백현동,경기도,의왕시,1
백현동,경기도,오산시,1
백현동,경기도,여주시,1
야탑3동,경기도,시흥시,1
야탑3동,경기도,안성시,1
백현동,경기도,안양시 만안구,1
백현동,경기도,안산시 단원구,1
수내1동,서울특별시,강북구,1
삼평동,서울특별시,은평구,1
야탑3동,경기도,포천시,1
백현동,경기도,부천시 원미구,1
백현동,경기도,김포시,1
수내1동,경기도,포천시,1
백현동,경기도,고양시 일산동구,1
수내1동,경기도,평택시,1
야탑3동,서울특별시,동대문구,1
수내1동,경기도,의정부시,1
도촌동,서울특별시,용산구,1
도촌동,서울특별시,양천구,1
야탑3동,경기도,광명시,1
야탑3동,경기도,가평군,1
복정동,경기도,구리시,1
야탑2동,서울특별시,종로구,1
수내2동,경기도,수원시 장안구,1
야탑1동,서울특별시,종로구,1
야탑1동,서울특별시,중랑구,1
야탑2동,경기도,고양시 덕양구,1
야탑2동,경기도,과천시,1
수내2동,경기도,군포시,1
야탑2동,경기도,남양주시,1
야탑2동,경기도,부천시 오정구,1
수내2동,경기도,광주시,1
야탑2동,경기도,수원시 팔달구,1
야탑2동,경기도,안산시 단원구,1
야탑2동,경기도,안산시 상록구,1
야탑2동,경기도,안성시,1
수내2동,경기도,고양시 덕양구,1
야탑2동,경기도,용인시 처인구,1
야탑2동,경기도,이천시,1
백현동,서울특별시,중랑구,1
야탑2동,서울특별시,강북구,1
야탑2동,서울특별시,도봉구,1
삼평동,서울특별시,강북구,1
삼평동,서울특별시,강서구,1
백현동,서울특별시,금천구,1
야탑2동,서울특별시,성동구,1
백현동,서울특별시,강북구,1
삼평동,서울특별시,도봉구,1
신흥2동,경기도,부천시 원미구,1
분당동,경기도,평택시,1
야탑3동,서울특별시,중랑구,1
수진2동,서울특별시,도봉구,1
수진2동,경기도,여주시,1
수진2동,경기도,연천군,1
수내3동,경기도,포천시,1
산성동,서울특별시,금천구,1
산성동,서울특별시,광진구,1
수진2동,경기도,의정부시,1
수진2동,경기도,이천시,1
수진2동,경기도,파주시,1
삼평동,경기도,안산시 상록구,1
산성동,서울특별시,강서구,1
산성동,서울특별시,강남구,1
수진2동,서울특별시,구로구,1
수진2동,서울특별시,성동구,1
신흥2동,경기도,고양시 일산서구,1
수진2동,서울특별시,성북구,1
산성동,경기도,의왕시,1
수진2동,서울특별시,용산구,1
수진2동,서울특별시,종로구,1
수진2동,서울특별시,중구,1
수진2동,서울특별시,중랑구,1
시흥동,경기도,광명시,1
시흥동,경기도,구리시,1
시흥동,경기도,군포시,1
시흥동,경기도,김포시,1
시흥동,경기도,남양주시,1
시흥동,경기도,수원시 팔달구,1
수진2동,경기도,양주시,1
수진2동,경기도,안양시 만안구,1
수진2동,경기도,안산시 상록구,1
산성동,서울특별시,도봉구,1
수내3동,서울특별시,용산구,1
수내3동,서울특별시,종로구,1
수내3동,서울특별시,중랑구,1
삼평동,경기도,동두천시,1
수내3동,서울특별시,도봉구,1
수진1동,경기도,부천시 소사구,1
수내3동,서울특별시,노원구,1
수진1동,경기도,수원시 팔달구,1
수진1동,경기도,안산시 상록구,1
삼평동,경기도,고양시 일산동구,1
수진1동,경기도,양주시,1
수진1동,경기도,양평군,1
수진1동,경기도,오산시,1
삼평동,경기도,가평군,1
수진1동,경기도,용인시 처인구,1
수진1동,경기도,의왕시,1
산성동,서울특별시,중구,1
산성동,서울특별시,성북구,1
수진1동,서울특별시,도봉구,1
수진1동,서울특별시,성북구,1
수진1동,서울특별시,중구,1
수진2동,경기도,고양시 덕양구,1
산성동,서울특별시,마포구,1
수진2동,경기도,김포시,1
수내3동,경기도,하남시,1
시흥동,경기도,오산시,1
산성동,경기도,양주시,1
시흥동,경기도,이천시,1
수내3동,경기도,여주시,1
신촌동,서울특별시,성동구,1
신촌동,서울특별시,영등포구,1
신촌동,서울특별시,종로구,1
신흥1동,경기도,고양시 덕양구,1
신흥1동,경기도,고양시 일산동구,1
신흥1동,경기도,고양시 일산서구,1
신흥1동,경기도,광명시,1
수내3동,경기도,안양시 만안구,1
신흥1동,경기도,부천시 소사구,1
신흥1동,경기도,부천시 원미구,1
수내3동,경기도,안양시 동안구,1
신흥1동,경기도,수원시 장안구,1
신흥1동,경기도,양주시,1
수내3동,경기도,안산시 단원구,1
수내3동,경기도,수원시 장안구,1
삼평동,경기도,양주시,1
수내3동,경기도,동두천시,1
신흥1동,서울특별시,구로구,1
신흥1동,서울특별시,노원구,1
신흥1동,서울특별시,마포구,1
삼평동,경기도,양평군,1
신흥1동,서울특별시,성동구,1
신흥1동,서울특별시,성북구,1
분당동,경기도,포천시,1
신흥2동,경기도,고양시 덕양구,1
신촌동,서울특별시,서초구,1
신촌동,서울특별시,동대문구,1
시흥동,경기도,평택시,1
신촌동,서울특별시,노원구,1
산성동,경기도,수원시 영통구,1
산성동,경기도,부천시 소사구,1
산성동,경기도,남양주시,1
시흥동,서울특별시,구로구,1
수내3동,경기도,의왕시,1
시흥동,서울특별시,성동구,1
시흥동,서울특별시,양천구,1
시흥동,서울특별시,영등포구,1
시흥동,서울특별시,용산구,1
시흥동,서울특별시,은평구,1
시흥동,서울특별시,중구,1
시흥동,서울특별시,중랑구,1
신촌동,경기도,고양시 일산동구,1
신촌동,경기도,고양시 일산서구,1
신촌동,경기도,군포시,1
신촌동,경기도,김포시,1
신촌동,경기도,수원시 권선구,1
신촌동,경기도,수원시 장안구,1
신촌동,경기도,시흥시,1
신촌동,경기도,용인시 기흥구,1
산성동,경기도,고양시 일산서구,1
산성동,경기도,고양시 일산동구,1
수내3동,경기도,오산시,1
신촌동,서울특별시,광진구,1
신촌동,서울특별시,금천구,1
야탑3동,서울특별시,양천구,1
수내2동,서울특별시,광진구,1
단대동,서울특별시,종로구,1
위례동,경기도,안산시 단원구,1
수내1동,경기도,구리시,1
위례동,경기도,고양시 일산서구,1
위례동,경기도,광명시,1
위례동,경기도,군포시,1
단대동,서울특별시,중구,1
단대동,서울특별시,은평구,1
수내1동,경기도,광명시,1
단대동,서울특별시,용산구,1
수내1동,경기도,과천시,1
수내1동,경기도,고양시 일산서구,1
성남동,서울특별시,종로구,1
단대동,서울특별시,양천구,1
단대동,서울특별시,성북구,1
위례동,경기도,양평군,1
위례동,경기도,연천군,1
단대동,서울특별시,마포구,1
상대원1동,경기도,구리시,1
단대동,서울특별시,동작구,1
위례동,경기도,포천시,1
단대동,서울특별시,도봉구,1
도촌동,경기도,고양시 일산동구,1
위례동,경기도,가평군,1
수내1동,경기도,김포시,1
운중동,서울특별시,은평구,1
도촌동,경기도,평택시,1
수내1동,경기도,안산시 상록구,1
도촌동,경기도,파주시,1
운중동,경기도,안양시 만안구,1
운중동,경기도,양주시,1
운중동,경기도,양평군,1
수내1동,경기도,안산시 단원구,1
수내1동,경기도,수원시 팔달구,1
운중동,경기도,의정부시,1
도촌동,경기도,양주시,1
도촌동,경기도,안산시 상록구,1
상대원1동,경기도,고양시 일산동구,1
운중동,서울특별시,금천구,1
운중동,서울특별시,노원구,1
운중동,서울특별시,동대문구,1
수내1동,경기도,부천시 원미구,1
운중동,서울특별시,양천구,1
도촌동,경기도,광명시,1
도촌동,경기도,과천시,1
단대동,서울특별시,구로구,1
단대동,서울특별시,관악구,1
운중동,경기도,부천시 원미구,1
은행1동,서울특별시,종로구,1
은행1동,서울특별시,금천구,1
은행1동,서울특별시,노원구,1
은행1동,서울특별시,동작구,1
상대원1동,경기도,의왕시,1
은행1동,서울특별시,서초구,1
은행1동,서울특별시,성동구,1
단대동,경기도,군포시,1
은행1동,서울특별시,양천구,1
은행1동,서울특별시,용산구,1
은행1동,서울특별시,중구,1
상대원1동,경기도,부천시 오정구,1
은행2동,경기도,가평군,1
삼평동,경기도,군포시,1
은행2동,경기도,과천시,1
단대동,경기도,과천시,1
은행2동,경기도,김포시,1
은행2동,경기도,동두천시,1
은행2동,경기도,부천시 소사구,1
은행2동,경기도,부천시 오정구,1
금광2동,서울특별시,중구,1
상대원1동,경기도,여주시,1
단대동,경기도,김포시,1
상대원1동,경기도,양평군,1
은행1동,서울특별시,강동구,1
단대동,경기도,이천시,1
단대동,경기도,여주시,1
단대동,경기도,양주시,1
단대동,경기도,안양시 동안구,1
상대원1동,경기도,수원시 권선구,1
은행1동,경기도,고양시 일산서구,1
은행1동,경기도,광명시,1
상대원1동,경기도,수원시 장안구,1
상대원1동,경기도,안산시 단원구,1
단대동,경기도,시흥시,1
은행1동,경기도,안성시,1
은행1동,경기도,양주시,1
은행1동,경기도,여주시,1
단대동,경기도,수원시 팔달구,1
성남동,서울특별시,노원구,1
은행1동,경기도,평택시,1
은행1동,경기도,포천시,1
단대동,경기도,부천시 원미구,1
단대동,경기도,부천시 소사구,1
상대원1동,경기도,가평군,1
은행2동,경기도,고양시 일산동구,1
양지동,서울특별시,강서구,1
양지동,경기도,양주시,1
삼평동,서울특별시,중구,1
운중동,경기도,구리시,1
수내1동,경기도,양평군,1
양지동,서울특별시,구로구,1
양지동,경기도,군포시,1
양지동,경기도,안양시 동안구,1
양지동,서울특별시,강북구,1
양지동,경기도,수원시 팔달구,1
삼평동,서울특별시,중랑구,1
운중동,경기도,가평군,1
양지동,경기도,안양시 만안구,1
양지동,서울특별시,광진구,1
양지동,경기도,오산시,1
양지동,서울특별시,동작구,1
양지동,서울특별시,성북구,1
양지동,서울특별시,동대문구,1
도촌동,서울특별시,금천구,1
양지동,경기도,의왕시,1
양지동,경기도,안산시 단원구,1
수내1동,경기도,오산시,1
양지동,경기도,수원시 권선구,1
양지동,경기도,안산시 상록구,1
양지동,경기도,고양시 덕양구,1
양지동,서울특별시,성동구,1
운중동,경기도,군포시,1
양지동,경기도,용인시 처인구,1
양지동,경기도,부천시 오정구,1
산성동,경기도,안산시 상록구,0
시흥동,경기도,의정부시,0
은행1동,경기도,과천시,0
태평4동,경기도,안산시 단원구,0
이매1동,경기도,연천군,0
시흥동,서울특별시,도봉구,0
정자3동,경기도,과천시,0
시흥동,서울특별시,노원구,0
태평4동,경기도,시흥시,0
상대원2동,경기도,하남시,0
정자3동,경기도,고양시 일산동구,0
단대동,경기도,안성시,0
시흥동,경기도,포천시,0
시흥동,경기도,의왕시,0
수내2동,경기도,남양주시,0
태평4동,경기도,양주시,0
이매1동,경기도,안산시 단원구,0
태평4동,서울특별시,영등포구,0
수진2동,서울특별시,은평구,0
은행1동,경기도,안산시 상록구,0
은행1동,경기도,안산시 단원구,0
상대원1동,경기도,안산시 상록구,0
시흥동,경기도,고양시 덕양구,0
시흥동,경기도,고양시 일산동구,0
시흥동,경기도,과천시,0
양지동,경기도,안성시,0
서현1동,경기도,가평군,0
산성동,경기도,용인시 처인구,0
단대동,경기도,안산시 단원구,0
은행1동,경기도,부천시 소사구,0
서현2동,경기도,포천시,0
이매1동,경기도,수원시 팔달구,0
서현1동,경기도,고양시 일산서구,0
산성동,경기도,용인시 수지구,0
시흥동,경기도,안양시 만안구,0
고등동,서울특별시,용산구,0
태평4동,경기도,고양시 일산서구,0
산성동,경기도,용인시 기흥구,0
태평4동,경기도,오산시,0
산성동,경기도,오산시,0
시흥동,서울특별시,서대문구,0
이매1동,경기도,의왕시,0
산성동,경기도,김포시,0
구미1동,경기도,부천시 오정구,0
신촌동,경기도,여주시,0
고등동,경기도,고양시 일산동구,0
단대동,서울특별시,강북구,0
상대원1동,경기도,부천시 소사구,0
태평3동,경기도,양평군,0
태평3동,경기도,양주시,0
신촌동,경기도,의왕시,0
신촌동,경기도,의정부시,0
태평3동,경기도,안성시,0
신촌동,경기도,이천시,0
태평3동,경기도,안산시 단원구,0
신촌동,경기도,화성시,0
신촌동,경기도,안성시,0
구미1동,경기도,부천시 원미구,0
산성동,경기도,고양시 덕양구,0
신촌동,서울특별시,강동구,0
금곡동,경기도,안양시 만안구,0
태평3동,경기도,구리시,0
금광1동,경기도,가평군,0
태평3동,경기도,과천시,0
야탑3동,경기도,고양시 일산동구,0
상대원1동,서울특별시,중구,0
금광1동,경기도,고양시 일산동구,0
상대원2동,경기도,고양시 덕양구,0
구미1동,경기도,군포시,0
정자3동,경기도,구리시,0
상대원1동,서울특별시,용산구,0
신촌동,경기도,과천시,0
태평3동,서울특별시,중구,0
단대동,경기도,양평군,0
양지동,경기도,양평군,0
단대동,경기도,용인시 수지구,0
태평4동,서울특별시,종로구,0
구미1동,경기도,가평군,0
이매1동,경기도,의정부시,0
단대동,경기도,의왕시,0
태평3동,서울특별시,서초구,0
단대동,경기도,의정부시,0
금광2동,경기도,안산시 상록구,0
신촌동,경기도,광명시,0
서현1동,경기도,부천시 오정구,0
태평3동,서울특별시,도봉구,0
산성동,경기도,과천시,0
이매1동,경기도,포천시,0
신촌동,경기도,남양주시,0
신촌동,경기도,동두천시,0
신촌동,경기도,부천시 오정구,0
구미1동,경기도,고양시 일산서구,0
성남동,서울특별시,양천구,0
신촌동,경기도,수원시 영통구,0
위례동,서울특별시,도봉구,0
신촌동,경기도,수원시 팔달구,0
성남동,경기도,안성시,0
수진2동,서울특별시,서대문구,0
태평4동,서울특별시,중구,0
수진1동,경기도,포천시,0
단대동,경기도,광명시,0
상대원3동,서울특별시,노원구,0
정자2동,경기도,파주시,0
상대원3동,서울특별시,동대문구,0
수진1동,경기도,여주시,0
은행2동,경기도,포천시,0
하대원동,경기도,양주시,0
하대원동,경기도,안양시 만안구,0
양지동,경기도,김포시,0
정자2동,경기도,포천시,0
수진1동,경기도,파주시,0
수진1동,경기도,하남시,0
하대원동,경기도,의정부시,0
고등동,경기도,수원시 팔달구,0
은행1동,서울특별시,영등포구,0
산성동,서울특별시,영등포구,0
정자2동,경기도,부천시 원미구,0
하대원동,경기도,부천시 오정구,0
하대원동,경기도,부천시 소사구,0
수내3동,서울특별시,강북구,0
수진1동,서울특별시,금천구,0
백현동,경기도,광명시,0
수진1동,서울특별시,동작구,0
수진1동,서울특별시,서대문구,0
상대원3동,서울특별시,구로구,0
수진1동,경기도,안양시 만안구,0
상대원1동,서울특별시,노원구,0
고등동,경기도,과천시,0
수내3동,서울특별시,양천구,0
하대원동,서울특별시,종로구,0
금광2동,서울특별시,은평구,0
정자2동,경기도,연천군,0
수내3동,서울특별시,중구,0
고등동,경기도,고양시 일산서구,0
정자2동,경기도,양주시,0
수진1동,경기도,가평군,0
수진1동,경기도,김포시,0
양지동,경기도,고양시 일산서구,0
수진1동,경기도,동두천시,0
하대원동,서울특별시,도봉구,0
하대원동,경기도,파주시,0
정자2동,경기도,안산시 단원구,0
수진1동,경기도,부천시 오정구,0
하대원동,서울특별시,구로구,0
고등동,경기도,광명시,0
수진1동,경기도,부천시 원미구,0
은행2동,경기도,구리시,0
양지동,경기도,과천시,0
수진1동,경기도,시흥시,0
고등동,경기도,군포시,0
수진1동,경기도,안성시,0
정자2동,경기도,이천시,0
수진1동,서울특별시,성동구,0
산성동,서울특별시,성동구,0
산성동,경기도,의정부시,0
수진2동,서울특별시,강북구,0
상대원1동,경기도,안양시 만안구,0
고등동,서울특별시,구로구,0
은행1동,경기도,이천시,0
수진2동,경기도,포천시,0
판교동,경기도,여주시,0
판교동,경기도,양평군,0
산성동,서울특별시,관악구,0
정자2동,서울특별시,성북구,0
은행1동,경기도,의왕시,0
판교동,경기도,안성시,0
판교동,경기도,안산시 상록구,0
산성동,경기도,화성시,0
금광2동,경기도,포천시,0
판교동,경기도,수원시 팔달구,0
산성동,경기도,하남시,0
고등동,서울특별시,도봉구,0
판교동,경기도,수원시 권선구,0
금곡동,경기도,양평군,0
은행1동,경기도,용인시 기흥구,0
수진2동,서울특별시,동대문구,0
태평2동,서울특별시,양천구,0
백현동,경기도,양평군,0
판교동,경기도,고양시 일산서구,0
판교동,경기도,고양시 일산동구,0
금곡동,경기도,여주시,0
수진2동,경기도,의왕시,0
산성동,서울특별시,서대문구,0
산성동,서울특별시,동대문구,0
수진1동,서울특별시,종로구,0
백현동,경기도,구리시,0
수진2동,경기도,과천시,0
백현동,경기도,부천시 소사구,0
고등동,경기도,안양시 동안구,0
양지동,경기도,부천시 원미구,0
고등동,경기도,안양시 만안구,0
고등동,경기도,양주시,0
고등동,경기도,여주시,0
고등동,경기도,오산시,0
수진2동,경기도,남양주시,0
상대원2동,서울특별시,동대문구,0
판교동,경기도,파주시,0
고등동,경기도,평택시,0
판교동,서울특별시,도봉구,0
은행1동,서울특별시,구로구,0
판교동,서울특별시,구로구,0
수진2동,경기도,양평군,0
정자2동,경기도,구리시,0
야탑3동,경기도,여주시,0
야탑3동,경기도,양평군,0
고등동,서울특별시,광진구,0
정자2동,경기도,광명시,0
판교동,경기도,평택시,0
태평2동,서울특별시,영등포구,0
상대원2동,경기도,의정부시,0
단대동,서울특별시,동대문구,0
신흥3동,서울특별시,마포구,0
중앙동,경기도,양주시,0
신흥3동,서울특별시,강서구,0
중앙동,경기도,안양시 동안구,0
중앙동,경기도,안성시,0
복정동,서울특별시,용산구,0
중앙동,경기도,안산시 단원구,0
중앙동,경기도,시흥시,0
수내2동,서울특별시,노원구,0
신흥3동,서울특별시,동대문구,0
수내2동,서울특별시,금천구,0
중앙동,경기도,수원시 권선구,0
중앙동,경기도,부천시 오정구,0
중앙동,경기도,오산시,0
수내2동,서울특별시,구로구,0
수내2동,경기도,구리시,0
서현2동,서울특별시,양천구,0
정자3동,서울특별시,도봉구,0
중앙동,경기도,광명시,0
중앙동,경기도,과천시,0
신흥3동,서울특별시,양천구,0
신흥3동,서울특별시,영등포구,0
삼평동,경기도,의왕시,0
운중동,경기도,포천시,0
정자동,서울특별시,중구,0
수내2동,서울특별시,동대문구,0
구미동,경기도,안산시 상록구,0
야탑1동,경기도,가평군,0
중앙동,서울특별시,구로구,0
신흥3동,경기도,수원시 장안구,0
이매2동,서울특별시,양천구,0
신흥3동,경기도,시흥시,0
신흥3동,경기도,안산시 단원구,0
신흥3동,경기도,안산시 상록구,0
신흥3동,경기도,양주시,0
중앙동,서울특별시,서대문구,0
중앙동,서울특별시,마포구,0
신흥3동,경기도,양평군,0
신흥3동,경기도,여주시,0
중앙동,서울특별시,금천구,0
신흥3동,경기도,연천군,0
이매2동,서울특별시,중구,0
운중동,서울특별시,도봉구,0
중앙동,서울특별시,강북구,0
분당동,경기도,고양시 일산동구,0
이매2동,서울특별시,은평구,0
신흥3동,경기도,파주시,0
상대원3동,경기도,군포시,0
중앙동,경기도,포천시,0
중앙동,경기도,평택시,0
양지동,서울특별시,종로구,0
상대원3동,경기도,광명시,0
신흥3동,경기도,포천시,0
운중동,경기도,평택시,0
수내2동,서울특별시,강서구,0
신흥3동,경기도,부천시 원미구,0
상대원2동,경기도,오산시,0
정자동,경기도,여주시,0
야탑1동,경기도,의왕시,0
운중동,경기도,고양시 일산동구,0
수내2동,경기도,여주시,0
정자1동,경기도,시흥시,0
야탑2동,경기도,고양시 일산서구,0
야탑1동,서울특별시,강북구,0
서현2동,경기도,군포시,0
운중동,경기도,안산시 단원구,0
수내2동,경기도,안양시 만안구,0
금곡동,경기도,고양시 일산서구,0
정자동,경기도,부천시 원미구,0
야탑2동,경기도,김포시,0
정자1동,경기도,양주시,0
정자동,경기도,동두천시,0
수내2동,경기도,김포시,0
금광1동,경기도,여주시,0
정자동,경기도,구리시,0
복정동,경기도,군포시,0
금광1동,경기도,안양시 동안구,0
운중동,경기도,부천시 오정구,0
수내2동,경기도,수원시 권선구,0
야탑1동,서울특별시,용산구,0
운중동,경기도,남양주시,0
정자동,경기도,오산시,0
서현2동,경기도,과천시,0
상대원2동,서울특별시,중구,0
상대원2동,서울특별시,은평구,0
정자1동,경기도,구리시,0
야탑2동,경기도,수원시 권선구,0
수내2동,경기도,화성시,0
구미동,경기도,연천군,0
금광1동,경기도,파주시,0
상대원3동,경기도,포천시,0
야탑1동,경기도,남양주시,0
복정동,서울특별시,도봉구,0
도촌동,경기도,의왕시,0
수내2동,경기도,이천시,0
정자동,서울특별시,금천구,0
복정동,경기도,포천시,0
운중동,경기도,여주시,0
정자1동,경기도,파주시,0
운중동,경기도,오산시,0
구미동,경기도,포천시,0
수내2동,경기도,의정부시,0
서현2동,경기도,고양시 덕양구,0
구미동,서울특별시,구로구,0
수내2동,경기도,의왕시,0
서현2동,경기도,고양시 일산동구,0
야탑1동,경기도,양평군,0
정자동,경기도,이천시,0
수내2동,경기도,용인시 처인구,0
상대원2동,서울특별시,성북구,0
신흥3동,경기도,부천시 소사구,0
수내1동,경기도,가평군,0
이매2동,경기도,남양주시,0
신흥1동,경기도,오산시,0
태평2동,경기도,안성시,0
이매2동,경기도,고양시 덕양구,0
신흥1동,경기도,의왕시,0
신흥1동,경기도,파주시,0
야탑2동,서울특별시,구로구,0
수내1동,서울특별시,종로구,0
수내3동,경기도,부천시 원미구,0
금광1동,서울특별시,용산구,0
구미1동,경기도,오산시,0
신흥1동,서울특별시,금천구,0
신흥1동,서울특별시,동작구,0
태평2동,경기도,양주시,0
이매2동,경기도,부천시 소사구,0
태평2동,경기도,과천시,0
이매2동,경기도,부천시 원미구,0
정자2동,경기도,여주시,0
태평2동,경기도,가평군,0
이매2동,경기도,수원시 장안구,0
신흥1동,서울특별시,용산구,0
신흥1동,서울특별시,은평구,0
신흥1동,서울특별시,종로구,0
상대원3동,경기도,여주시,0
신흥2동,경기도,가평군,0
신흥1동,경기도,여주시,0
신흥1동,경기도,양평군,0
이매2동,경기도,안성시,0
신흥1동,경기도,과천시,0
태평2동,서울특별시,성동구,0
신촌동,서울특별시,성북구,0
태평2동,서울특별시,서대문구,0
신촌동,서울특별시,양천구,0
금곡동,경기도,고양시 일산동구,0
금광2동,경기도,과천시,0
신촌동,서울특별시,중랑구,0
상대원3동,경기도,오산시,0
금광1동,경기도,광명시,0
정자3동,경기도,수원시 장안구,0
상대원2동,경기도,군포시,0
수내3동,경기도,양주시,0
태평2동,경기도,여주시,0
신흥1동,경기도,구리시,0
신흥1동,경기도,군포시,0
구미1동,경기도,안양시 만안구,0
이매1동,서울특별시,은평구,0
상대원3동,경기도,연천군,0
상대원2동,경기도,용인시 처인구,0
신흥1동,경기도,안산시 단원구,0
신흥1동,경기도,안산시 상록구,0
구미1동,경기도,양평군,0
구미1동,경기도,여주시,0
신흥1동,경기도,안양시 만안구,0
이매2동,경기도,안산시 단원구,0
상대원3동,경기도,안양시 동안구,0
중앙동,서울특별시,중랑구,0
이매2동,서울특별시,도봉구,0
상대원3동,경기도,수원시 팔달구,0
신흥2동,서울특별시,도봉구,0
수내1동,경기도,군포시,0
분당동,경기도,부천시 오정구,0
도촌동,경기도,고양시 일산서구,0
상대원3동,경기도,수원시 장안구,0
정자3동,경기도,포천시,0
야탑2동,경기도,여주시,0
야탑2동,경기도,양평군,0
구미동,경기도,고양시 일산서구,0
태평1동,경기도,부천시 오정구,0
분당동,경기도,군포시,0
야탑2동,경기도,오산시,0
수내2동,경기도,고양시 일산동구,0
금광1동,경기도,시흥시,0
태평1동,경기도,군포시,0
신흥3동,경기도,고양시 일산동구,0
신흥3동,경기도,고양시 일산서구,0
도촌동,경기도,군포시,0
태평1동,경기도,과천시,0
상대원3동,경기도,부천시 오정구,0
도촌동,경기도,부천시 소사구,0
도촌동,경기도,부천시 오정구,0
도촌동,경기도,부천시 원미구,0
수내2동,서울특별시,은평구,0
신흥2동,서울특별시,구로구,0
위례동,경기도,부천시 소사구,0
양지동,서울특별시,노원구,0
신흥2동,경기도,군포시,0
분당동,경기도,이천시,0
서현1동,경기도,의정부시,0
수내1동,서울특별시,중랑구,0
신흥2동,경기도,부천시 소사구,0
이매2동,경기도,양평군,0
삼평동,경기도,여주시,0
신흥2동,경기도,시흥시,0
이매2동,경기도,여주시,0
신흥2동,경기도,안양시 만안구,0
신흥2동,경기도,양주시,0
금광1동,서울특별시,양천구,0
이매2동,서울특별시,강동구,0
상대원2동,경기도,수원시 영통구,0
도촌동,경기도,가평군,0
상대원2동,서울특별시,서초구,0
상대원1동,경기도,과천시,0
야탑2동,경기도,의왕시,0
구미1동,서울특별시,용산구,0
신흥2동,경기도,포천시,0
태평1동,경기도,의왕시,0
상대원3동,경기도,안산시 단원구,0
구미1동,서울특별시,중구,0
수내2동,서울특별시,중구,0
정자2동,경기도,양평군,0
