statsYm,dong,전출,전입,순이동
202401,고등동,40,70,30
202402,고등동,46,85,39
202403,고등동,55,60,5
202404,고등동,73,66,-7
202405,고등동,65,71,6
202406,고등동,59,51,-8
202401,구미1동,78,75,-3
202402,구미1동,111,88,-23
202403,구미1동,90,90,0
202404,구미1동,70,72,2
202405,구미1동,93,93,0
202406,구미1동,65,78,13
202401,구미동,135,117,-18
202402,구미동,128,140,12
202403,구미동,97,118,21
202404,구미동,111,100,-11
202405,구미동,100,79,-21
202406,구미동,111,100,-11
202401,금곡동,105,136,31
202402,금곡동,120,127,7
202403,금곡동,134,142,8
202404,금곡동,98,103,5
202405,금곡동,117,134,17
202406,금곡동,111,115,4
202401,금광1동,89,102,13
202402,금광1동,88,116,28
202403,금광1동,78,74,-4
202404,금광1동,61,62,1
202405,금광1동,54,58,4
202406,금광1동,45,66,21
202401,금광2동,103,105,2
202402,금광2동,114,100,-14
202403,금광2동,145,117,-28
202404,금광2동,136,104,-32
202405,금광2동,100,88,-12
202406,금광2동,123,108,-15
202401,단대동,55,56,1
202402,단대동,80,59,-21
202403,단대동,69,63,-6
202404,단대동,78,82,4
202405,단대동,69,84,15
202406,단대동,60,63,3
202401,도촌동,93,69,-24
202402,도촌동,109,122,13
202403,도촌동,97,128,31
202404,도촌동,96,94,-2
202405,도촌동,99,87,-12
202406,도촌동,87,77,-10
202401,백현동,122,129,7
202402,백현동,96,107,11
202403,백현동,132,109,-23
202404,백현동,106,82,-24
202405,백현동,112,98,-14
202406,백현동,59,107,48
202401,복정동,140,96,-44
202402,복정동,158,142,-16
202403,복정동,114,102,-12
202404,복정동,91,84,-7
202405,복정동,75,74,-1
202406,복정동,76,50,-26
202401,분당동,131,85,-46
202402,분당동,117,121,4
202403,분당동,117,111,-6
202404,분당동,136,92,-44
202405,분당동,101,70,-31
202406,분당동,94,65,-29
202401,산성동,24,10,-14
202402,산성동,14,16,2
202403,산성동,19,40,21
202404,산성동,15,17,2
202405,산성동,17,25,8
202406,산성동,14,15,1
202401,삼평동,103,130,27
202402,삼평동,126,132,6
202403,삼평동,107,98,-9
202404,삼평동,73,107,34
202405,삼평동,83,80,-3
202406,삼평동,74,69,-5
202401,상대원1동,105,98,-7
202402,상대원1동,92,94,2
202403,상대원1동,96,119,23
202404,상대원1동,112,78,-34
202405,상대원1동,92,53,-39
202406,상대원1동,103,74,-29
202401,상대원2동,27,18,-9
202402,상대원2동,19,10,-9
202403,상대원2동,15,11,-4
202404,상대원2동,6,8,2
202405,상대원2동,11,6,-5
202406,상대원2동,19,7,-12
202401,상대원3동,54,41,-13
202402,상대원3동,41,44,3
202403,상대원3동,65,51,-14
202404,상대원3동,38,46,8
202405,상대원3동,37,40,3
202406,상대원3동,53,45,-8
202401,서현1동,178,128,-50
202402,서현1동,189,169,-20
202403,서현1동,149,123,-26
202404,서현1동,136,118,-18
202405,서현1동,116,135,19
202406,서현1동,129,117,-12
202401,서현2동,54,53,-1
202402,서현2동,100,97,-3
202403,서현2동,67,63,-4
202404,서현2동,56,51,-5
202405,서현2동,55,50,-5
202406,서현2동,58,60,2
202401,성남동,237,206,-31
202402,성남동,201,262,61
202403,성남동,236,281,45
202404,성남동,239,234,-5
202405,성남동,217,216,-1
202406,성남동,179,208,29
202401,수내1동,84,77,-7
202402,수내1동,100,87,-13
202403,수내1동,91,79,-12
202404,수내1동,89,65,-24
202405,수내1동,86,73,-13
202406,수내1동,76,53,-23
202401,수내2동,20,13,-7
202402,수내2동,23,10,-13
202403,수내2동,27,9,-18
202404,수내2동,15,7,-8
202405,수내2동,8,6,-2
202406,수내2동,5,12,7
202401,수내3동,71,32,-39
202402,수내3동,67,42,-25
202403,수내3동,56,49,-7
202404,수내3동,71,46,-25
202405,수내3동,58,32,-26
202406,수내3동,50,26,-24
202401,수진1동,45,25,-20
202402,수진1동,48,29,-19
202403,수진1동,55,24,-31
202404,수진1동,68,35,-33
202405,수진1동,34,36,2
202406,수진1동,39,19,-20
202401,수진2동,75,77,2
202402,수진2동,75,54,-21
202403,수진2동,95,75,-20
202404,수진2동,92,91,-1
202405,수진2동,47,67,20
202406,수진2동,59,70,11
202401,시흥동,42,50,8
202402,시흥동,27,32,5
202403,시흥동,26,41,15
202404,시흥동,37,38,1
202405,시흥동,22,18,-4
202406,시흥동,42,31,-11
202401,신촌동,15,23,8
202402,신촌동,37,22,-15
202403,신촌동,16,19,3
202404,신촌동,27,23,-4
202405,신촌동,14,33,19
202406,신촌동,25,13,-12
202401,신흥1동,48,60,12
202402,신흥1동,59,47,-12
202403,신흥1동,73,51,-22
202404,신흥1동,60,68,8
202405,신흥1동,61,55,-6
202406,신흥1동,52,36,-16
202401,신흥2동,68,458,390
202402,신흥2동,72,261,189
202403,신흥2동,67,219,152
202404,신흥2동,81,153,72
202405,신흥2동,75,98,23
202406,신흥2동,92,122,30
202401,신흥3동,46,75,29
202402,신흥3동,53,64,11
202403,신흥3동,66,62,-4
202404,신흥3동,66,82,16
202405,신흥3동,62,64,2
202406,신흥3동,46,56,10
202401,야탑1동,94,110,16
202402,야탑1동,129,114,-15
202403,야탑1동,100,112,12
202404,야탑1동,123,86,-37
202405,야탑1동,94,54,-40
202406,야탑1동,68,72,4
202401,야탑2동,67,70,3
202402,야탑2동,85,57,-28
202403,야탑2동,46,51,5
202404,야탑2동,61,42,-19
202405,야탑2동,59,31,-28
202406,야탑2동,51,45,-6
202401,야탑3동,154,135,-19
202402,야탑3동,148,118,-30
202403,야탑3동,150,133,-17
202404,야탑3동,124,140,16
202405,야탑3동,123,115,-8
202406,야탑3동,107,109,2
202401,양지동,31,34,3
202402,양지동,20,37,17
202403,양지동,60,47,-13
202404,양지동,37,23,-14
202405,양지동,32,26,-6
202406,양지동,33,19,-14
202401,운중동,106,121,15
202402,운중동,88,151,63
202403,운중동,94,122,28
202404,운중동,106,108,2
202405,운중동,89,116,27
202406,운중동,83,81,-2
202401,위례동,153,195,42
202402,위례동,177,226,49
202403,위례동,137,279,142
202404,위례동,129,287,158
202405,위례동,114,172,58
202406,위례동,116,133,17
202401,은행1동,49,46,-3
202402,은행1동,72,62,-10
202403,은행1동,56,78,22
202404,은행1동,64,53,-11
202405,은행1동,60,51,-9
202406,은행1동,60,44,-16
202401,은행2동,109,66,-43
202402,은행2동,110,105,-5
202403,은행2동,114,88,-26
202404,은행2동,99,89,-10
202405,은행2동,118,77,-41
202406,은행2동,74,112,38
202401,이매1동,104,91,-13
202402,이매1동,119,74,-45
202403,이매1동,90,83,-7
202404,이매1동,93,81,-12
202405,이매1동,89,86,-3
202406,이매1동,61,56,-5
202401,이매2동,71,44,-27
202402,이매2동,52,23,-29
202403,이매2동,33,13,-20
202404,이매2동,31,35,4
202405,이매2동,31,12,-19
202406,이매2동,38,20,-18
202401,정자1동,189,166,-23
202402,정자1동,206,190,-16
202403,정자1동,175,146,-29
202404,정자1동,192,178,-14
202405,정자1동,179,168,-11
202406,정자1동,141,149,8
202401,정자2동,65,96,31
202402,정자2동,88,76,-12
202403,정자2동,79,71,-8
202404,정자2동,78,62,-16
202405,정자2동,54,66,12
202406,정자2동,53,68,15
202401,정자3동,46,48,2
202402,정자3동,92,95,3
202403,정자3동,77,88,11
202404,정자3동,59,80,21
202405,정자3동,71,63,-8
202406,정자3동,48,50,2
202401,정자동,126,75,-51
202402,정자동,120,82,-38
202403,정자동,110,85,-25
202404,정자동,87,69,-18
202405,정자동,95,79,-16
202406,정자동,69,68,-1
202401,중앙동,68,61,-7
202402,중앙동,50,57,7
202403,중앙동,61,46,-15
202404,중앙동,72,65,-7
202405,중앙동,35,33,-2
202406,중앙동,37,39,2
202401,태평1동,130,84,-46
202402,태평1동,119,98,-21
202403,태평1동,134,103,-31
202404,태평1동,111,70,-41
202405,태평1동,93,81,-12
202406,태평1동,104,56,-48
202401,태평2동,81,44,-37
202402,태평2동,82,67,-15
202403,태평2동,107,93,-14
202404,태평2동,86,63,-23
202405,태평2동,62,71,9
202406,태평2동,73,59,-14
202401,태평3동,32,47,15
202402,태평3동,57,64,7
202403,태평3동,68,37,-31
202404,태평3동,75,47,-28
202405,태평3동,63,49,-14
202406,태평3동,69,45,-24
202401,태평4동,54,43,-11
202402,태평4동,79,33,-46
202403,태평4동,99,41,-58
202404,태평4동,86,49,-37
202405,태평4동,78,73,-5
202406,태평4동,37,52,15
202401,판교동,93,58,-35
202402,판교동,89,71,-18
202403,판교동,77,72,-5
202404,판교동,77,94,17
202405,판교동,60,59,-1
202406,판교동,46,62,16
202401,하대원동,91,65,-26
202402,하대원동,86,83,-3
202403,하대원동,90,105,15
202404,하대원동,73,81,8
202405,하대원동,54,64,10
202406,하대원동,63,66,3
