origin_dong,dest_dong,n
위례동,신흥2동,80
태평1동,성남동,72
판교동,운중동,70
성남동,하대원동,68
야탑1동,야탑3동,68
야탑3동,도촌동,62
하대원동,성남동,58
정자1동,금곡동,56
삼평동,백현동,54
복정동,위례동,54
상대원3동,상대원1동,52
정자동,정자1동,52
수진2동,성남동,52
성남동,위례동,50
성남동,금광2동,50
구미1동,금곡동,50
태평1동,수진2동,48
금곡동,구미1동,48
백현동,운중동,46
태평4동,태평2동,46
서현1동,분당동,46
금광2동,은행1동,44
야탑3동,야탑1동,44
야탑3동,성남동,42
성남동,수진2동,42
분당동,서현2동,42
은행1동,금광2동,42
서현2동,서현1동,42
금곡동,구미동,40
금곡동,정자1동,40
도촌동,야탑3동,40
금광2동,금광1동,40
서현1동,정자1동,40
성남동,신흥2동,40
상대원1동,상대원3동,40
구미1동,구미동,38
금광2동,성남동,38
야탑1동,도촌동,38
정자1동,수내1동,38
수내1동,정자1동,38
금광2동,위례동,36
정자1동,정자동,36
금광2동,신흥2동,36
성남동,신흥1동,34
정자1동,정자3동,34
백현동,서현1동,34
금광2동,은행2동,34
성남동,상대원1동,34
상대원1동,위례동,34
서현2동,분당동,34
태평2동,태평4동,34
구미동,구미1동,32
은행2동,위례동,32
상대원1동,성남동,32
삼평동,운중동,32
태평1동,복정동,32
운중동,판교동,32
정자2동,정자3동,32
백현동,삼평동,32
은행2동,성남동,32
정자1동,운중동,32
분당동,서현1동,30
이매1동,야탑1동,30
단대동,은행2동,30
단대동,위례동,30
야탑3동,삼평동,30
은행2동,금광2동,30
정자1동,백현동,30
백현동,이매1동,30
신흥3동,성남동,28
야탑1동,성남동,28
은행2동,은행1동,28
태평2동,신흥2동,28
수진2동,태평1동,28
단대동,성남동,28
태평2동,위례동,28
정자동,금곡동,28
삼평동,정자1동,28
태평2동,태평3동,28
금광1동,신흥2동,28
야탑1동,야탑2동,28
은행2동,양지동,26
도촌동,위례동,26
중앙동,신흥2동,26
정자동,정자2동,26
금광1동,금광2동,26
태평1동,태평3동,26
양지동,단대동,26
성남동,은행2동,26
서현1동,백현동,26
성남동,야탑3동,26
신흥3동,신흥2동,26
서현1동,서현2동,26
성남동,신흥3동,26
은행1동,은행2동,26
고등동,위례동,26
이매1동,서현1동,26
상대원1동,하대원동,24
태평4동,신흥2동,24
정자동,정자3동,24
은행2동,상대원1동,24
서현1동,수내1동,24
태평4동,태평1동,24
구미동,정자1동,24
분당동,정자1동,24
신흥3동,위례동,24
성남동,정자1동,24
정자1동,구미1동,24
태평2동,성남동,24
복정동,성남동,24
수내1동,서현1동,24
정자1동,판교동,24
중앙동,성남동,24
복정동,태평1동,24
금광2동,신흥3동,24
성남동,중앙동,24
성남동,야탑1동,24
이매1동,백현동,24
금광2동,단대동,24
구미동,금곡동,24
수진2동,신흥2동,24
야탑2동,야탑3동,24
이매1동,야탑3동,24
정자1동,서현1동,24
단대동,금광2동,22
태평3동,성남동,22
단대동,신흥2동,22
신흥1동,성남동,22
상대원1동,금광2동,22
정자동,분당동,22
태평4동,위례동,22
상대원1동,신흥2동,22
산성동,신흥2동,22
야탑2동,야탑1동,22
금광1동,성남동,22
은행1동,성남동,22
신흥2동,위례동,22
정자3동,정자동,22
야탑3동,분당동,22
도촌동,성남동,22
수내1동,구미동,22
정자1동,삼평동,22
운중동,삼평동,22
정자2동,금곡동,22
은행2동,신흥3동,22
서현1동,이매1동,22
서현1동,야탑1동,22
정자1동,정자2동,22
은행2동,신흥2동,22
태평4동,성남동,20
구미동,정자3동,20
이매2동,야탑1동,20
태평4동,신흥3동,20
은행1동,단대동,20
태평3동,수진2동,20
삼평동,구미1동,20
백현동,판교동,20
하대원동,도촌동,20
상대원1동,금광1동,20
상대원3동,금광1동,20
정자1동,구미동,20
수진2동,금광1동,20
신흥3동,금광2동,20
이매1동,운중동,20
성남동,태평1동,20
태평1동,태평2동,20
양지동,은행2동,20
수내3동,구미동,20
중앙동,금광2동,18
태평2동,은행2동,18
야탑3동,야탑2동,18
하대원동,금광2동,18
성남동,금광1동,18
성남동,도촌동,18
수내3동,분당동,18
정자2동,백현동,18
구미1동,정자1동,18
신흥2동,단대동,18
분당동,수내3동,18
태평3동,태평2동,18
하대원동,상대원1동,18
분당동,고등동,18
성남동,태평2동,18
수내1동,금곡동,18
복정동,신흥2동,18
상대원1동,단대동,18
정자1동,성남동,18
정자동,운중동,18
정자3동,수내3동,18
은행2동,단대동,18
서현1동,삼평동,18
야탑1동,이매1동,18
금곡동,운중동,18
운중동,신흥2동,18
야탑3동,백현동,18
도촌동,신흥2동,18
서현1동,구미1동,18
정자3동,정자2동,18
정자3동,금곡동,18
금광1동,상대원3동,18
운중동,정자1동,18
서현1동,정자동,18
판교동,금곡동,18
금곡동,정자2동,18
금곡동,백현동,16
위례동,금광1동,16
금곡동,정자동,16
분당동,삼평동,16
정자2동,정자1동,16
신흥1동,신흥3동,16
태평1동,야탑3동,16
구미1동,서현1동,16
고등동,도촌동,16
태평4동,하대원동,16
판교동,백현동,16
복정동,수진2동,16
야탑1동,삼평동,16
금광2동,태평2동,16
하대원동,단대동,16
금곡동,판교동,16
서현2동,삼평동,16
서현2동,운중동,16
야탑3동,이매1동,16
정자2동,서현2동,16
삼평동,도촌동,16
고등동,삼평동,16
이매1동,판교동,16
백현동,고등동,16
판교동,정자1동,16
서현1동,야탑3동,16
하대원동,태평1동,16
상대원1동,은행1동,16
수진1동,신흥1동,16
수진1동,위례동,16
야탑2동,도촌동,16
서현1동,금곡동,16
금광2동,상대원1동,16
이매1동,야탑2동,16
수진1동,성남동,14
도촌동,판교동,14
위례동,성남동,14
이매2동,이매1동,14
수내2동,정자1동,14
태평2동,태평1동,14
수내3동,정자3동,14
도촌동,야탑1동,14
이매2동,삼평동,14
은행1동,하대원동,14
정자1동,서현2동,14
수내1동,정자동,14
은행2동,금광1동,14
신흥1동,단대동,14
은행2동,도촌동,14
신흥1동,위례동,14
정자동,백현동,14
상대원2동,상대원1동,14
서현1동,구미동,14
정자동,수내1동,14
신흥1동,태평2동,14
상대원1동,은행2동,14
정자동,야탑3동,14
상대원1동,수진2동,14
서현1동,운중동,14
신촌동,성남동,14
중앙동,상대원1동,14
정자2동,신흥2동,14
서현2동,정자1동,14
정자2동,서현1동,14
성남동,고등동,14
중앙동,위례동,14
야탑1동,정자1동,14
신흥3동,단대동,14
성남동,복정동,14
성남동,서현1동,14
분당동,정자2동,14
태평1동,신흥1동,14
태평1동,위례동,14
성남동,태평4동,14
수내1동,이매1동,14
성남동,단대동,14
수진1동,하대원동,14
운중동,백현동,14
운중동,서현1동,14
야탑3동,서현1동,14
태평3동,신흥3동,14
구미1동,운중동,14
금곡동,정자3동,14
태평3동,태평1동,14
야탑3동,고등동,14
단대동,상대원1동,14
금광1동,위례동,14
하대원동,신흥2동,14
고등동,신촌동,14
하대원동,위례동,14
위례동,복정동,14
구미동,운중동,14
수내1동,정자2동,12
태평1동,신흥2동,12
백현동,금곡동,12
야탑2동,삼평동,12
태평3동,신흥1동,12
단대동,금광1동,12
백현동,도촌동,12
신흥1동,하대원동,12
수진2동,수진1동,12
금광2동,야탑3동,12
신흥1동,금광1동,12
상대원1동,신흥3동,12
태평3동,신흥2동,12
수내1동,정자3동,12
금곡동,하대원동,12
정자1동,신흥2동,12
신흥1동,신흥2동,12
수내3동,정자1동,12
태평4동,태평3동,12
금광2동,상대원3동,12
이매1동,서현2동,12
태평2동,복정동,12
수진2동,위례동,12
정자3동,위례동,12
태평2동,상대원1동,12
야탑3동,상대원1동,12
금곡동,수내1동,12
상대원3동,상대원2동,12
백현동,정자동,12
야탑1동,고등동,12
백현동,정자1동,12
금광2동,하대원동,12
상대원3동,성남동,12
분당동,운중동,12
이매2동,야탑2동,12
금광1동,상대원1동,12
수내1동,운중동,12
도촌동,하대원동,12
야탑2동,정자1동,12
성남동,수내1동,12
은행1동,신흥2동,12
삼평동,판교동,12
신흥2동,성남동,12
운중동,수내1동,12
중앙동,금광1동,12
은행1동,위례동,12
신흥2동,신흥1동,12
도촌동,상대원1동,12
이매1동,정자1동,12
구미1동,정자2동,12
이매1동,이매2동,12
금광1동,은행1동,12
성남동,수진1동,12
야탑3동,신흥2동,12
신흥2동,신흥3동,12
수진1동,태평2동,12
정자3동,구미동,12
정자3동,구미1동,12
야탑2동,이매1동,12
금광1동,중앙동,12
태평3동,태평4동,12
수내1동,신흥2동,12
태평3동,상대원3동,12
구미동,서현2동,12
야탑1동,신흥2동,12
야탑3동,수진2동,12
신흥2동,하대원동,12
이매1동,구미동,12
분당동,금곡동,12
판교동,서현1동,12
야탑2동,신흥2동,12
서현1동,성남동,12
고등동,신흥2동,12
정자1동,위례동,12
정자동,이매1동,12
서현1동,도촌동,12
정자동,삼평동,10
은행2동,태평1동,10
분당동,구미1동,10
정자1동,고등동,10
상대원2동,상대원3동,10
분당동,성남동,10
금광2동,신흥1동,10
상대원2동,금광2동,10
은행2동,태평2동,10
고등동,야탑2동,10
신흥1동,중앙동,10
정자2동,정자동,10
하대원동,야탑3동,10
수내1동,야탑3동,10
시흥동,성남동,10
삼평동,야탑2동,10
삼평동,이매1동,10
삼평동,신흥2동,10
금광1동,이매1동,10
수내1동,구미1동,10
수내1동,서현2동,10
정자1동,이매1동,10
중앙동,은행2동,10
야탑3동,판교동,10
고등동,하대원동,10
신흥2동,태평4동,10
시흥동,삼평동,10
시흥동,고등동,10
태평4동,신흥1동,10
양지동,금광2동,10
정자1동,야탑1동,10
분당동,태평2동,10
운중동,금곡동,10
분당동,정자3동,10
금광1동,도촌동,10
야탑3동,구미동,10
정자동,신흥2동,10
하대원동,금광1동,10
신흥3동,수진2동,10
정자1동,분당동,10
운중동,고등동,10
성남동,서현2동,10
구미1동,정자3동,10
수진1동,수진2동,10
태평2동,수진2동,10
정자2동,삼평동,10
신흥1동,금광2동,10
야탑1동,서현1동,10
구미동,백현동,10
금광2동,양지동,10
야탑3동,서현2동,10
이매2동,백현동,10
이매1동,신흥2동,10
단대동,상대원3동,10
판교동,삼평동,10
구미동,서현1동,10
도촌동,은행2동,10
고등동,분당동,10
백현동,정자3동,10
단대동,양지동,10
단대동,은행1동,10
수진1동,신흥3동,10
수진2동,백현동,10
태평3동,복정동,10
서현1동,신흥2동,10
수진1동,은행1동,10
도촌동,서현1동,10
구미동,수내3동,10
도촌동,삼평동,10
단대동,중앙동,10
신촌동,서현2동,10
서현1동,정자2동,10
위례동,도촌동,10
야탑2동,금광1동,10
정자동,구미동,10
태평3동,은행2동,10
태평1동,태평4동,10
금광2동,중앙동,10
금곡동,위례동,10
구미1동,정자동,10
정자동,구미1동,10
태평1동,하대원동,10
태평3동,위례동,10
수내3동,서현2동,10
복정동,신흥3동,10
신흥1동,수진1동,10
삼평동,위례동,10
야탑3동,복정동,10
정자3동,정자1동,10
정자2동,분당동,10
신흥1동,상대원3동,10
성남동,삼평동,10
태평1동,은행1동,10
복정동,은행1동,10
태평4동,중앙동,10
서현1동,위례동,8
정자2동,구미동,8
서현1동,정자3동,8
구미1동,성남동,8
태평3동,도촌동,8
상대원1동,도촌동,8
판교동,야탑1동,8
태평4동,서현1동,8
성남동,태평3동,8
서현2동,백현동,8
신흥2동,산성동,8
정자2동,구미1동,8
태평4동,은행2동,8
신촌동,신흥2동,8
야탑3동,위례동,8
서현1동,시흥동,8
판교동,이매1동,8
삼평동,정자2동,8
정자동,서현1동,8
신흥1동,양지동,8
신흥2동,수진2동,8
정자동,성남동,8
야탑3동,중앙동,8
정자3동,백현동,8
금곡동,분당동,8
판교동,정자동,8
상대원1동,태평1동,8
야탑3동,정자1동,8
상대원1동,중앙동,8
금곡동,서현1동,8
금광1동,단대동,8
성남동,구미동,8
야탑3동,금광1동,8
양지동,위례동,8
구미1동,야탑1동,8
상대원3동,위례동,8
은행1동,야탑3동,8
운중동,야탑3동,8
상대원3동,은행1동,8
신흥1동,태평1동,8
은행2동,운중동,8
정자2동,수내1동,8
신흥1동,수진2동,8
상대원1동,신흥1동,8
성남동,운중동,8
상대원3동,하대원동,8
신흥2동,금광1동,8
서현1동,고등동,8
구미동,삼평동,8
은행2동,하대원동,8
시흥동,정자1동,8
태평4동,수진2동,8
성남동,백현동,8
야탑3동,태평3동,8
구미동,판교동,8
중앙동,단대동,8
정자1동,야탑3동,8
금광1동,은행2동,8
백현동,야탑3동,8
야탑1동,분당동,8
백현동,정자2동,8
위례동,단대동,8
수진2동,야탑3동,8
위례동,금광2동,8
야탑1동,금광2동,8
수내3동,수내2동,8
신흥3동,하대원동,8
수내3동,서현1동,8
이매2동,야탑3동,8
태평3동,야탑3동,8
이매1동,삼평동,8
복정동,야탑1동,8
수내3동,백현동,8
위례동,은행2동,8
태평1동,은행2동,8
신흥3동,은행2동,8
수내3동,금곡동,8
야탑2동,상대원1동,8
복정동,태평2동,8
복정동,태평3동,8
수내3동,구미1동,8
복정동,하대원동,8
금광2동,야탑1동,8
분당동,구미동,8
수진2동,태평4동,8
분당동,백현동,8
백현동,위례동,8
백현동,야탑1동,8
위례동,중앙동,8
수내3동,정자2동,8
도촌동,구미1동,8
수진1동,태평1동,8
위례동,서현1동,8
도촌동,금광1동,8
도촌동,금광2동,8
고등동,백현동,8
야탑1동,이매2동,8
이매1동,정자2동,8
수진1동,은행2동,8
수진1동,양지동,8
야탑1동,위례동,8
수진1동,신흥2동,8
태평2동,중앙동,8
하대원동,중앙동,8
단대동,신흥3동,8
이매2동,고등동,8
야탑2동,고등동,8
고등동,서현1동,8
도촌동,태평1동,8
도촌동,태평2동,8
수진2동,상대원3동,8
이매2동,도촌동,8
백현동,구미1동,8
단대동,산성동,8
위례동,신촌동,8
태평2동,야탑3동,8
태평2동,신흥1동,8
분당동,복정동,8
금광2동,태평1동,8
고등동,야탑3동,8
금광2동,고등동,8
태평1동,백현동,8
금광1동,하대원동,8
수내1동,이매2동,8
은행1동,금곡동,8
고등동,판교동,8
신흥3동,복정동,8
태평4동,금광2동,8
태평4동,상대원3동,8
삼평동,서현1동,8
수내1동,백현동,8
구미1동,고등동,8
신흥2동,태평3동,8
태평4동,상대원1동,8
신흥2동,태평2동,8
중앙동,은행1동,8
신흥2동,은행2동,8
수내1동,수내3동,8
신흥2동,중앙동,8
태평1동,분당동,8
정자1동,이매2동,8
중앙동,삼평동,8
이매1동,금광1동,8
분당동,야탑3동,8
수내2동,수내1동,8
분당동,이매1동,8
위례동,태평2동,8
운중동,하대원동,8
시흥동,백현동,8
이매1동,도촌동,8
분당동,은행2동,8
위례동,구미동,8
위례동,태평1동,8
삼평동,시흥동,8
구미동,야탑2동,6
수내1동,수내2동,6
이매1동,하대원동,6
고등동,금광1동,6
양지동,신흥1동,6
하대원동,상대원2동,6
수내1동,성남동,6
야탑3동,은행2동,6
하대원동,태평3동,6
서현2동,위례동,6
수진2동,금광2동,6
하대원동,수진1동,6
서현2동,구미동,6
서현2동,신흥2동,6
정자2동,야탑3동,6
이매1동,정자3동,6
정자1동,중앙동,6
정자2동,위례동,6
양지동,신흥2동,6
구미1동,백현동,6
구미1동,분당동,6
구미동,신흥2동,6
수내1동,삼평동,6
야탑3동,신흥3동,6
서현2동,금곡동,6
운중동,도촌동,6
구미1동,삼평동,6
수진2동,야탑1동,6
양지동,수진2동,6
구미1동,수내1동,6
성남동,분당동,6
이매2동,신흥2동,6
고등동,시흥동,6
운중동,서현2동,6
수진2동,정자1동,6
하대원동,신흥1동,6
수내3동,수내1동,6
수내3동,성남동,6
정자2동,금광2동,6
시흥동,서현1동,6
정자1동,시흥동,6
성남동,상대원3동,6
고등동,정자1동,6
은행2동,태평3동,6
하대원동,신흥3동,6
정자1동,도촌동,6
이매2동,판교동,6
구미1동,판교동,6
수내3동,위례동,6
수내1동,은행2동,6
수진2동,신흥3동,6
서현2동,정자2동,6
고등동,성남동,6
수진2동,신흥1동,6
운중동,성남동,6
양지동,성남동,6
성남동,정자동,6
시흥동,야탑3동,6
고등동,운중동,6
이매2동,서현2동,6
수내3동,정자동,6
구미동,도촌동,6
구미동,야탑3동,6
수내1동,야탑2동,6
은행2동,정자2동,6
하대원동,분당동,6
구미동,고등동,6
단대동,태평1동,6
신흥1동,은행1동,6
은행2동,신흥1동,6
은행1동,신흥3동,6
분당동,정자동,6
분당동,야탑1동,6
분당동,신흥2동,6
위례동,구미1동,6
신흥3동,신흥1동,6
태평3동,중앙동,6
태평1동,신흥3동,6
분당동,도촌동,6
분당동,단대동,6
분당동,금광2동,6
신흥3동,양지동,6
복정동,중앙동,6
태평1동,양지동,6
금광2동,운중동,6
위례동,은행1동,6
신흥3동,중앙동,6
신흥3동,태평1동,6
태평1동,삼평동,6
태평1동,산성동,6
분당동,태평3동,6
야탑2동,운중동,6
삼평동,이매2동,6
삼평동,야탑3동,6
삼평동,야탑1동,6
중앙동,산성동,6
신흥2동,야탑3동,6
야탑2동,이매2동,6
신흥2동,이매2동,6
삼평동,고등동,6
분당동,판교동,6
중앙동,태평1동,6
중앙동,태평3동,6
은행1동,상대원1동,6
중앙동,판교동,6
신흥3동,도촌동,6
산성동,금광2동,6
태평1동,도촌동,6
복정동,신촌동,6
신흥3동,태평2동,6
태평2동,금광1동,6
태평2동,하대원동,6
도촌동,야탑2동,6
단대동,야탑3동,6
위례동,삼평동,6
위례동,상대원1동,6
위례동,서현2동,6
도촌동,수내1동,6
위례동,상대원3동,6
도촌동,상대원3동,6
도촌동,운중동,6
도촌동,분당동,6
야탑1동,정자2동,6
도촌동,구미동,6
도촌동,고등동,6
야탑1동,태평1동,6
단대동,태평4동,6
태평3동,금광2동,6
위례동,산성동,6
도촌동,이매1동,6
신흥3동,태평4동,6
태평2동,서현1동,6
복정동,도촌동,6
복정동,단대동,6
복정동,금광2동,6
야탑1동,구미동,6
태평2동,도촌동,6
복정동,고등동,6
야탑1동,단대동,6
태평2동,수진1동,6
야탑1동,신흥1동,6
백현동,신흥2동,6
백현동,수진2동,6
위례동,백현동,6
백현동,분당동,6
태평2동,은행1동,6
태평2동,이매1동,6
도촌동,태평4동,6
정자동,판교동,6
하대원동,태평4동,6
신흥1동,상대원1동,6
정자동,금광1동,6
신흥1동,태평4동,6
판교동,수내1동,6
상대원1동,태평4동,6
정자3동,서현2동,6
태평4동,은행1동,6
판교동,성남동,6
신흥1동,은행2동,6
야탑3동,금광2동,6
상대원2동,신흥3동,6
정자동,도촌동,6
정자3동,분당동,6
은행1동,태평1동,6
금곡동,이매1동,6
판교동,구미1동,6
서현1동,수내3동,6
은행2동,상대원3동,6
판교동,구미동,6
상대원3동,금광2동,6
금곡동,고등동,6
정자3동,이매1동,6
판교동,분당동,6
금광1동,야탑3동,6
정자3동,상대원1동,6
상대원3동,신흥1동,6
상대원3동,신흥3동,6
정자3동,신흥2동,6
금곡동,삼평동,6
상대원3동,은행2동,6
정자동,신흥3동,6
상대원2동,금광1동,6
구미동,정자동,6
서현1동,수진2동,6
상대원1동,서현2동,6
운중동,이매1동,6
금광1동,수진2동,6
은행2동,수진1동,6
신흥2동,복정동,6
구미동,정자2동,6
정자동,야탑2동,6
구미동,이매1동,6
정자3동,단대동,6
상대원1동,양지동,6
서현1동,태평1동,6
금광1동,신흥3동,6
양지동,태평1동,4
신촌동,태평2동,4
은행2동,시흥동,4
야탑1동,서현2동,4
야탑1동,정자동,4
수진2동,도촌동,4
수진2동,산성동,4
위례동,야탑2동,4
이매1동,수내1동,4
운중동,수내3동,4
은행2동,이매1동,4
수진2동,운중동,4
야탑3동,시흥동,4
시흥동,위례동,4
야탑3동,신흥1동,4
야탑1동,금곡동,4
신촌동,복정동,4
신촌동,금광1동,4
은행2동,야탑1동,4
야탑1동,수진2동,4
운중동,시흥동,4
수진2동,분당동,4
야탑1동,하대원동,4
수진2동,상대원1동,4
시흥동,하대원동,4
위례동,수내1동,4
시흥동,정자동,4
야탑2동,구미1동,4
야탑1동,수진1동,4
은행2동,수진2동,4
수진2동,수내1동,4
신촌동,고등동,4
야탑3동,수내1동,4
양지동,수진1동,4
수진2동,복정동,4
위례동,시흥동,4
야탑1동,운중동,4
야탑1동,은행2동,4
양지동,상대원2동,4
야탑3동,하대원동,4
수진2동,이매1동,4
운중동,정자2동,4
은행1동,금광1동,4
야탑2동,수진2동,4
신촌동,상대원3동,4
운중동,태평4동,4
은행1동,도촌동,4
신흥2동,금곡동,4
은행1동,상대원3동,4
야탑2동,중앙동,4
운중동,분당동,4
신흥2동,이매1동,4
야탑2동,위례동,4
은행1동,수진1동,4
신흥3동,상대원1동,4
신흥2동,양지동,4
신흥2동,금광2동,4
양지동,금광1동,4
신흥2동,야탑2동,4
신흥2동,야탑1동,4
시흥동,수내1동,4
신흥2동,도촌동,4
신흥2동,수진1동,4
신흥2동,수내1동,4
은행1동,신흥1동,4
신흥2동,상대원1동,4
은행1동,고등동,4
위례동,태평4동,4
신흥1동,구미동,4
수진2동,태평3동,4
야탑1동,구미1동,4
신흥3동,태평3동,4
야탑3동,상대원3동,4
야탑3동,정자2동,4
이매1동,분당동,4
신흥1동,분당동,4
은행2동,금곡동,4
은행1동,판교동,4
은행2동,중앙동,4
위례동,정자동,4
수진2동,태평2동,4
야탑2동,서현1동,4
야탑2동,수내3동,4
수진2동,하대원동,4
운중동,구미동,4
양지동,분당동,4
신흥3동,수진1동,4
위례동,태평3동,4
위례동,고등동,4
수진2동,구미동,4
시흥동,단대동,4
양지동,복정동,4
운중동,야탑2동,4
신흥1동,태평3동,4
이매1동,금곡동,4
양지동,은행1동,4
이매1동,위례동,4
복정동,상대원1동,4
태평2동,백현동,4
복정동,금광1동,4
복정동,백현동,4
태평2동,단대동,4
태평2동,금광2동,4
복정동,삼평동,4
복정동,양지동,4
상대원1동,시흥동,4
복정동,은행2동,4
태평1동,운중동,4
복정동,태평4동,4
태평1동,야탑1동,4
분당동,수내1동,4
분당동,수내2동,4
태평2동,분당동,4
백현동,중앙동,4
백현동,은행1동,4
태평2동,신흥3동,4
백현동,수내1동,4
백현동,성남동,4
백현동,서현2동,4
태평2동,정자3동,4
도촌동,태평3동,4
도촌동,중앙동,4
도촌동,정자동,4
도촌동,정자1동,4
도촌동,이매2동,4
도촌동,은행1동,4
도촌동,시흥동,4
도촌동,수진1동,4
도촌동,수내3동,4
태평1동,상대원3동,4
태평1동,단대동,4
산성동,단대동,4
삼평동,서현2동,4
상대원1동,산성동,4
정자동,태평1동,4
상대원1동,백현동,4
상대원1동,금곡동,4
상대원1동,고등동,4
삼평동,하대원동,4
중앙동,고등동,4
삼평동,태평3동,4
중앙동,금곡동,4
삼평동,정자3동,4
중앙동,도촌동,4
삼평동,수진1동,4
중앙동,상대원3동,4
중앙동,서현1동,4
삼평동,복정동,4
태평1동,금광2동,4
중앙동,신흥3동,4
삼평동,금곡동,4
중앙동,운중동,4
산성동,태평4동,4
중앙동,태평2동,4
산성동,은행1동,4
산성동,위례동,4
중앙동,태평4동,4
산성동,신흥3동,4
태평1동,고등동,4
산성동,성남동,4
태평1동,구미1동,4
수진1동,태평4동,4
태평1동,금광1동,4
태평3동,고등동,4
도촌동,복정동,4
도촌동,단대동,4
구미동,복정동,4
판교동,도촌동,4
금곡동,성남동,4
금곡동,상대원1동,4
금곡동,복정동,4
금곡동,금광2동,4
판교동,서현2동,4
판교동,신흥2동,4
구미동,은행2동,4
구미동,위례동,4
구미동,야탑1동,4
판교동,야탑3동,4
구미동,수내2동,4
구미동,수내1동,4
구미동,분당동,4
판교동,정자2동,4
판교동,금광1동,4
판교동,하대원동,4
하대원동,산성동,4
구미1동,시흥동,4
구미1동,수내3동,4
하대원동,서현2동,4
구미1동,도촌동,4
하대원동,수내1동,4
하대원동,수진2동,4
고등동,중앙동,4
고등동,정자동,4
하대원동,양지동,4
하대원동,은행1동,4
하대원동,이매1동,4
고등동,금곡동,4
금곡동,수진1동,4
금곡동,야탑2동,4
도촌동,금곡동,4
금광2동,복정동,4
태평3동,금광1동,4
태평3동,상대원1동,4
단대동,신흥1동,4
단대동,수진2동,4
태평3동,서현1동,4
태평3동,수내3동,4
단대동,분당동,4
금광2동,판교동,4
금광2동,태평4동,4
금광2동,태평3동,4
금광2동,수진2동,4
태평3동,하대원동,4
태평4동,고등동,4
태평4동,구미동,4
금광2동,백현동,4
금곡동,은행1동,4
금광2동,도촌동,4
금광1동,태평4동,4
금광1동,태평3동,4
금광1동,태평2동,4
태평4동,분당동,4
태평4동,삼평동,4
금광1동,야탑1동,4
금광1동,신흥1동,4
태평4동,수진1동,4
금광1동,상대원2동,4
금광1동,복정동,4
태평4동,야탑1동,4
태평4동,야탑2동,4
태평4동,야탑3동,4
정자동,위례동,4
산성동,분당동,4
상대원1동,야탑3동,4
서현2동,야탑2동,4
성남동,정자3동,4
성남동,은행1동,4
성남동,야탑2동,4
정자2동,도촌동,4
성남동,산성동,4
성남동,금곡동,4
서현2동,판교동,4
서현2동,정자동,4
정자동,야탑1동,4
정자2동,수진2동,4
서현2동,양지동,4
서현2동,야탑3동,4
서현2동,성남동,4
정자3동,성남동,4
서현2동,상대원1동,4
정자2동,이매1동,4
서현1동,판교동,4
서현1동,태평4동,4
정자2동,하대원동,4
서현1동,이매2동,4
서현1동,은행2동,4
서현1동,야탑2동,4
정자3동,금광1동,4
서현1동,금광2동,4
정자3동,삼평동,4
상대원3동,태평4동,4
수내1동,금광2동,4
정자1동,야탑2동,4
수내1동,위례동,4
정자1동,수진2동,4
수진1동,중앙동,4
수진1동,정자2동,4
수진1동,야탑3동,4
이매1동,중앙동,4
수진1동,복정동,4
수진1동,도촌동,4
수진1동,금광1동,4
이매2동,분당동,4
수내3동,하대원동,4
수내3동,판교동,4
수내3동,이매1동,4
이매2동,성남동,4
이매2동,수내1동,4
이매2동,수진2동,4
수내3동,야탑1동,4
수내3동,수진2동,4
이매2동,운중동,4
수내3동,도촌동,4
이매2동,정자1동,4
수내2동,정자동,4
수내2동,정자3동,4
수내2동,위례동,4
수내2동,신흥2동,4
수내2동,분당동,4
정자1동,수내3동,4
상대원3동,중앙동,4
서현2동,이매1동,4
상대원3동,양지동,4
정자3동,시흥동,4
상대원2동,은행2동,4
정자3동,하대원동,4
정자3동,태평2동,4
정자동,단대동,4
상대원2동,야탑3동,4
상대원2동,신흥1동,4
상대원3동,서현1동,4
정자3동,야탑1동,4
상대원3동,시흥동,4
상대원3동,신흥2동,4
상대원2동,성남동,4
상대원3동,야탑2동,4
정자동,고등동,4
상대원1동,태평2동,4
태평4동,이매1동,2
운중동,야탑1동,2
하대원동,정자2동,2
이매2동,위례동,2
판교동,고등동,2
은행1동,정자동,2
이매1동,상대원3동,2
하대원동,정자1동,2
이매1동,정자동,2
판교동,복정동,2
양지동,중앙동,2
정자동,상대원2동,2
이매2동,수진1동,2
은행1동,정자3동,2
운중동,신촌동,2
판교동,수진1동,2
이매2동,신흥3동,2
태평4동,양지동,2
은행1동,중앙동,2
중앙동,수진1동,2
중앙동,수진2동,2
정자동,금광2동,2
운중동,위례동,2
정자1동,금광1동,2
운중동,이매2동,2
태평4동,시흥동,2
하대원동,정자동,2
이매1동,복정동,2
하대원동,태평2동,2
이매1동,은행2동,2
정자1동,상대원3동,2
중앙동,양지동,2
이매1동,금광2동,2
판교동,시흥동,2
이매1동,성남동,2
정자동,수진1동,2
하대원동,서현1동,2
운중동,상대원3동,2
하대원동,야탑2동,2
하대원동,복정동,2
이매2동,복정동,2
정자동,수내3동,2
정자동,태평4동,2
이매2동,금광2동,2
하대원동,구미동,2
하대원동,야탑1동,2
이매2동,금곡동,2
이매2동,구미동,2
이매1동,태평4동,2
하대원동,시흥동,2
운중동,금광1동,2
하대원동,금곡동,2
정자동,서현2동,2
중앙동,구미동,2
정자동,상대원3동,2
은행1동,수진2동,2
이매2동,서현1동,2
판교동,야탑2동,2
이매2동,상대원3동,2
판교동,위례동,2
운중동,정자3동,2
하대원동,은행2동,2
판교동,정자3동,2
판교동,이매2동,2
이매1동,시흥동,2
정자동,태평2동,2
양지동,태평2동,2
정자동,시흥동,2
이매1동,신흥1동,2
중앙동,구미1동,2
운중동,중앙동,2
태평4동,복정동,2
은행2동,신촌동,2
태평2동,상대원3동,2
위례동,야탑3동,2
태평2동,수내1동,2
태평1동,상대원2동,2
태평2동,신촌동,2
태평1동,상대원1동,2
태평2동,야탑1동,2
위례동,판교동,2
정자2동,운중동,2
태평2동,운중동,2
위례동,수진2동,2
태평2동,정자2동,2
위례동,하대원동,2
위례동,수진1동,2
정자2동,은행2동,2
태평2동,정자동,2
정자3동,금광2동,2
위례동,양지동,2
정자3동,도촌동,2
정자3동,복정동,2
정자3동,서현1동,2
은행2동,복정동,2
위례동,정자3동,2
은행2동,산성동,2
위례동,정자2동,2
태평1동,시흥동,2
태평1동,정자1동,2
태평1동,정자2동,2
태평1동,정자동,2
태평1동,판교동,2
은행2동,삼평동,2
태평1동,서현2동,2
은행2동,상대원2동,2
태평1동,서현1동,2
은행2동,서현2동,2
태평1동,금곡동,2
정자2동,야탑2동,2
은행1동,서현2동,2
은행1동,태평3동,2
정자3동,중앙동,2
정자2동,단대동,2
은행1동,태평4동,2
태평3동,야탑1동,2
태평3동,이매1동,2
은행2동,태평4동,2
태평3동,판교동,2
정자2동,금광1동,2
태평2동,판교동,2
태평4동,구미1동,2
중앙동,정자1동,2
태평4동,금광1동,2
정자1동,태평1동,2
태평4동,도촌동,2
태평1동,야탑2동,2
은행1동,서현1동,2
태평3동,수진1동,2
정자3동,운중동,2
은행1동,백현동,2
태평3동,수내1동,2
은행2동,야탑2동,2
정자3동,야탑2동,2
태평1동,구미동,2
은행2동,구미1동,2
태평3동,구미동,2
정자3동,야탑3동,2
정자2동,수내2동,2
태평3동,백현동,2
태평3동,분당동,2
태평3동,삼평동,2
중앙동,하대원동,2
정자2동,성남동,2
은행2동,이매2동,2
정자3동,양지동,2
위례동,분당동,2
정자3동,수진1동,2
고등동,구미1동,2
상대원3동,야탑3동,2
수내2동,태평2동,2
수내2동,서현2동,2
도촌동,신촌동,2
도촌동,수진2동,2
도촌동,서현2동,2
도촌동,상대원2동,2
도촌동,백현동,2
단대동,하대원동,2
단대동,태평3동,2
단대동,이매1동,2
수내3동,운중동,2
단대동,수내1동,2
수내3동,산성동,2
수내3동,삼평동,2
단대동,서현1동,2
수내3동,시흥동,2
단대동,복정동,2
단대동,도촌동,2
수내3동,야탑3동,2
수내2동,삼평동,2
수내2동,도촌동,2
도촌동,신흥3동,2
백현동,구미동,2
성남동,이매1동,2
성남동,이매2동,2
성남동,정자2동,2
백현동,야탑2동,2
백현동,신흥1동,2
백현동,수내3동,2
수내1동,단대동,2
백현동,수내2동,2
수내1동,복정동,2
수내1동,분당동,2
수내1동,상대원1동,2
백현동,상대원1동,2
수내1동,신흥1동,2
수내1동,야탑1동,2
백현동,단대동,2
수내1동,태평1동,2
수내1동,판교동,2
단대동,금곡동,2
수내3동,은행2동,2
시흥동,수진2동,2
금광2동,금곡동,2
수진2동,단대동,2
수진2동,삼평동,2
수진2동,서현1동,2
수진2동,서현2동,2
수진2동,수내3동,2
수진2동,시흥동,2
금광2동,상대원2동,2
금광2동,산성동,2
수진2동,은행1동,2
수내3동,이매2동,2
금광2동,구미동,2
금광1동,태평1동,2
수진2동,정자동,2
수진2동,중앙동,2
금광1동,정자2동,2
시흥동,도촌동,2
금광1동,정자1동,2
금광1동,양지동,2
금광2동,서현1동,2
금광2동,서현2동,2
수진1동,판교동,2
금광2동,수내1동,2
수내3동,태평1동,2
수내3동,태평3동,2
단대동,고등동,2
수진1동,구미1동,2
수진1동,금광2동,2
수진1동,단대동,2
수진1동,분당동,2
금광2동,정자1동,2
수진1동,상대원1동,2
삼평동,구미동,2
수진1동,상대원3동,2
수진1동,수내1동,2
금광2동,이매1동,2
수진1동,수내3동,2
수진1동,운중동,2
금광2동,수진1동,2
금광2동,수내3동,2
성남동,양지동,2
성남동,신촌동,2
성남동,시흥동,2
산성동,금곡동,2
상대원1동,수내3동,2
상대원1동,신촌동,2
상대원1동,야탑1동,2
상대원1동,야탑2동,2
상대원1동,운중동,2
상대원1동,이매1동,2
산성동,금광1동,2
상대원1동,태평3동,2
상대원2동,고등동,2
백현동,양지동,2
분당동,하대원동,2
상대원2동,단대동,2
분당동,태평4동,2
분당동,이매2동,2
분당동,위례동,2
분당동,야탑2동,2
분당동,신흥3동,2
분당동,신흥1동,2
상대원1동,서현1동,2
상대원1동,상대원2동,2
상대원1동,삼평동,2
상대원1동,복정동,2
산성동,태평3동,2
삼평동,분당동,2
삼평동,상대원1동,2
삼평동,상대원3동,2
삼평동,성남동,2
삼평동,수내1동,2
삼평동,신흥3동,2
산성동,은행2동,2
산성동,양지동,2
산성동,야탑3동,2
삼평동,은행1동,2
삼평동,은행2동,2
삼평동,정자동,2
삼평동,태평1동,2
삼평동,태평4동,2
상대원1동,구미1동,2
산성동,복정동,2
분당동,신촌동,2
상대원2동,위례동,2
상대원2동,은행1동,2
서현1동,수진1동,2
서현1동,신흥3동,2
서현1동,중앙동,2
서현1동,태평3동,2
복정동,구미동,2
서현2동,복정동,2
서현2동,수내1동,2
백현동,하대원동,2
백현동,태평2동,2
서현2동,야탑1동,2
서현2동,은행2동,2
백현동,태평1동,2
서현2동,정자3동,2
서현2동,태평1동,2
백현동,이매2동,2
백현동,은행2동,2
성남동,구미1동,2
성남동,상대원2동,2
서현1동,신흥1동,2
서현1동,수내2동,2
분당동,시흥동,2
서현1동,상대원3동,2
분당동,상대원1동,2
분당동,산성동,2
복정동,정자3동,2
복정동,정자2동,2
상대원3동,단대동,2
상대원3동,도촌동,2
상대원3동,백현동,2
상대원3동,복정동,2
상대원3동,수진2동,2
복정동,야탑3동,2
복정동,신흥1동,2
상대원3동,이매1동,2
상대원3동,정자2동,2
상대원3동,태평2동,2
복정동,수내1동,2
상대원3동,태평3동,2
서현1동,복정동,2
금광1동,야탑2동,2
금광2동,이매2동,2
고등동,정자3동,2
야탑3동,수내3동,2
구미동,은행1동,2
신흥3동,백현동,2
야탑2동,태평3동,2
신흥3동,고등동,2
야탑2동,태평4동,2
고등동,태평2동,2
야탑3동,금곡동,2
구미동,중앙동,2
구미동,태평1동,2
야탑3동,단대동,2
야탑3동,상대원2동,2
신흥2동,은행1동,2
구미동,태평2동,2
신흥2동,운중동,2
신흥2동,수내3동,2
구미동,신흥1동,2
야탑3동,수진1동,2
신흥2동,서현1동,2
야탑2동,금광2동,2
야탑3동,양지동,2
신흥2동,상대원2동,2
야탑3동,운중동,2
야탑3동,이매2동,2
야탑3동,정자3동,2
구미동,태평4동,2
야탑3동,태평1동,2
고등동,은행2동,2
야탑3동,태평2동,2
금곡동,도촌동,2
금곡동,서현2동,2
신흥3동,산성동,2
신흥3동,삼평동,2
신흥1동,정자1동,2
구미1동,은행2동,2
야탑2동,백현동,2
야탑2동,복정동,2
야탑1동,판교동,2
야탑1동,태평4동,2
야탑1동,태평3동,2
야탑1동,은행1동,2
구미1동,수진1동,2
야탑2동,서현2동,2
구미1동,야탑3동,2
야탑1동,시흥동,2
구미1동,양지동,2
구미1동,상대원3동,2
야탑2동,수내2동,2
구미1동,은행1동,2
야탑1동,상대원1동,2
신흥3동,상대원2동,2
야탑2동,시흥동,2
야탑2동,신흥1동,2
야탑1동,백현동,2
금광1동,서현1동,2
신흥3동,정자1동,2
구미1동,복정동,2
구미1동,금광2동,2
신흥3동,은행1동,2
구미동,상대원1동,2
구미동,시흥동,2
야탑2동,은행2동,2
신흥3동,수내1동,2
신흥3동,서현1동,2
야탑2동,정자2동,2
야탑3동,태평4동,2
야탑2동,금곡동,2
금곡동,태평3동,2
신촌동,정자2동,2
양지동,백현동,2
고등동,신흥3동,2
금곡동,야탑1동,2
신촌동,분당동,2
금곡동,야탑3동,2
금광1동,산성동,2
고등동,수진2동,2
금광1동,금곡동,2
고등동,수내3동,2
금광1동,분당동,2
신흥1동,고등동,2
고등동,수내1동,2
시흥동,정자3동,2
금곡동,태평4동,2
신촌동,수내1동,2
시흥동,이매1동,2
시흥동,운중동,2
신촌동,위례동,2
시흥동,은행2동,2
고등동,복정동,2
금곡동,태평2동,2
금곡동,태평1동,2
금광1동,고등동,2
신흥1동,삼평동,2
신흥1동,야탑3동,2
신흥1동,야탑1동,2
고등동,야탑1동,2
양지동,신흥3동,2
시흥동,신흥2동,2
양지동,금곡동,2
신흥1동,수내1동,2
신흥1동,서현1동,2
양지동,도촌동,2
금곡동,수진2동,2
금광1동,구미1동,2
시흥동,신흥3동,2
금곡동,시흥동,2
시흥동,야탑1동,2
신흥1동,복정동,2
신촌동,도촌동,2
금곡동,신흥2동,2
신흥1동,도촌동,2
복정동,정자1동,0
고등동,산성동,0
고등동,상대원1동,0
산성동,태평1동,0
태평1동,정자3동,0
하대원동,상대원3동,0
복정동,이매1동,0
중앙동,이매2동,0
복정동,운중동,0
태평1동,이매1동,0
중앙동,이매1동,0
구미1동,서현2동,0
복정동,야탑2동,0
고등동,금광2동,0
하대원동,삼평동,0
태평1동,중앙동,0
복정동,시흥동,0
산성동,태평2동,0
복정동,수진1동,0
구미1동,상대원1동,0
산성동,백현동,0
복정동,정자동,0
구미1동,금광1동,0
산성동,상대원1동,0
산성동,도촌동,0
고등동,이매1동,0
고등동,이매2동,0
하대원동,운중동,0
산성동,상대원3동,0
산성동,고등동,0
산성동,수진1동,0
고등동,태평1동,0
분당동,태평1동,0
분당동,중앙동,0
산성동,수진2동,0
고등동,태평4동,0
고등동,수내2동,0
태평1동,수내1동,0
분당동,금광1동,0
고등동,서현2동,0
산성동,이매1동,0
태평1동,수내3동,0
하대원동,수내3동,0
산성동,정자2동,0
중앙동,정자동,0
고등동,은행1동,0
태평1동,수진1동,0
분당동,수진2동,0
태평1동,신촌동,0
분당동,수진1동,0
중앙동,정자2동,0
분당동,상대원3동,0
고등동,상대원3동,0
금광1동,수내1동,0
구미1동,하대원동,0
복정동,서현1동,0
금곡동,단대동,0
금광2동,정자2동,0
금곡동,신촌동,0
단대동,구미동,0
판교동,금광2동,0
금곡동,수내3동,0
태평3동,시흥동,0
금곡동,수내2동,0
단대동,삼평동,0
단대동,상대원2동,0
태평3동,서현2동,0
태평3동,금곡동,0
금곡동,금광1동,0
단대동,수내3동,0
단대동,야탑1동,0
태평3동,산성동,0
단대동,이매2동,0
단대동,정자1동,0
단대동,정자2동,0
단대동,태평2동,0
태평3동,단대동,0
태평3동,야탑2동,0
태평3동,양지동,0
금곡동,신흥3동,0
태평3동,은행1동,0
금광1동,수진1동,0
태평4동,서현2동,0
금광1동,삼평동,0
금광1동,정자3동,0
태평4동,산성동,0
금광1동,정자동,0
태평4동,단대동,0
금광1동,백현동,0
금광2동,분당동,0
금광2동,삼평동,0
태평4동,운중동,0
태평4동,정자1동,0
태평4동,정자2동,0
금광2동,신촌동,0
태평3동,정자1동,0
금곡동,중앙동,0
금광2동,야탑2동,0
금곡동,이매2동,0
금곡동,은행2동,0
구미동,태평3동,0
태평3동,구미1동,0
복정동,상대원3동,0
복정동,금곡동,0
판교동,태평2동,0
판교동,태평4동,0
구미1동,중앙동,0
태평2동,서현2동,0
구미1동,이매1동,0
백현동,태평3동,0
태평2동,산성동,0
구미1동,위례동,0
복정동,구미1동,0
복정동,분당동,0
판교동,수내2동,0
복정동,산성동,0
복정동,상대원2동,0
하대원동,백현동,0
태평2동,금곡동,0
태평2동,구미동,0
태평2동,고등동,0
구미1동,야탑2동,0
구미1동,신흥3동,0
구미1동,신흥2동,0
판교동,중앙동,0
구미동,금광1동,0
구미동,금광2동,0
구미동,단대동,0
판교동,수내3동,0
도촌동,신흥1동,0
판교동,수진2동,0
도촌동,양지동,0
도촌동,정자3동,0
판교동,신촌동,0
백현동,금광1동,0
백현동,금광2동,0
판교동,신흥1동,0
구미동,이매2동,0
백현동,복정동,0
백현동,상대원3동,0
태평2동,양지동,0
구미동,신촌동,0
백현동,시흥동,0
백현동,신촌동,0
백현동,신흥3동,0
구미동,수진2동,0
구미동,성남동,0
산성동,하대원동,0
양지동,운중동,0
삼평동,금광1동,0
시흥동,태평2동,0
은행2동,야탑3동,0
시흥동,판교동,0
신촌동,백현동,0
신촌동,삼평동,0
신촌동,서현1동,0
신촌동,수내2동,0
신촌동,시흥동,0
은행2동,수내3동,0
신촌동,야탑1동,0
신촌동,야탑3동,0
신촌동,이매1동,0
신촌동,중앙동,0
신촌동,태평4동,0
은행2동,분당동,0
신촌동,판교동,0
은행2동,백현동,0
신흥1동,백현동,0
신흥1동,산성동,0
은행2동,구미동,0
신흥1동,상대원2동,0
신흥1동,수내3동,0
은행1동,태평2동,0
신흥1동,운중동,0
신흥1동,정자2동,0
신흥1동,정자3동,0
은행1동,양지동,0
신흥2동,고등동,0
신흥2동,분당동,0
은행1동,시흥동,0
고등동,구미동,0
시흥동,야탑2동,0
수진1동,삼평동,0
은행2동,정자3동,0
수진1동,서현1동,0
이매1동,태평1동,0
수진1동,야탑2동,0
수진1동,이매1동,0
수진1동,정자3동,0
수진1동,정자동,0
수진1동,태평3동,0
이매1동,은행1동,0
수진2동,금곡동,0
이매1동,양지동,0
이매1동,수진2동,0
이매1동,수내3동,0
이매1동,수내2동,0
수진2동,야탑2동,0
수진2동,양지동,0
수진2동,은행2동,0
수진2동,정자3동,0
이매1동,상대원2동,0
이매1동,상대원1동,0
시흥동,구미1동,0
시흥동,구미동,0
시흥동,금곡동,0
시흥동,복정동,0
시흥동,분당동,0
시흥동,수내3동,0
이매1동,구미1동,0
이매1동,고등동,0
시흥동,신촌동,0
시흥동,신흥1동,0
은행1동,수내2동,0
신흥2동,정자1동,0
신흥2동,정자동,0
신흥2동,태평1동,0
위례동,금곡동,0
야탑2동,성남동,0
야탑2동,수내1동,0
운중동,태평3동,0
야탑2동,신흥3동,0
운중동,정자동,0
야탑2동,태평1동,0
야탑2동,태평2동,0
운중동,은행2동,0
야탑3동,구미1동,0
운중동,신흥1동,0
운중동,수진1동,0
운중동,수내2동,0
야탑3동,정자동,0
운중동,상대원1동,0
운중동,복정동,0
양지동,구미동,0
운중동,금광2동,0
양지동,산성동,0
운중동,구미1동,0
양지동,삼평동,0
양지동,하대원동,0
양지동,판교동,0
양지동,태평4동,0
양지동,태평3동,0
양지동,상대원1동,0
양지동,상대원3동,0
양지동,수내1동,0
양지동,정자3동,0
야탑2동,상대원2동,0
야탑2동,분당동,0
야탑2동,구미동,0
위례동,정자1동,0
신흥2동,판교동,0
은행1동,산성동,0
은행1동,복정동,0
신흥3동,구미1동,0
신흥3동,금광1동,0
신흥3동,분당동,0
은행1동,구미동,0
신흥3동,상대원3동,0
신흥3동,시흥동,0
신흥3동,야탑2동,0
신흥3동,야탑3동,0
신흥3동,운중동,0
신흥3동,이매1동,0
위례동,이매1동,0
야탑1동,태평2동,0
신흥3동,정자2동,0
위례동,운중동,0
야탑1동,금광1동,0
야탑1동,복정동,0
위례동,야탑1동,0
위례동,신흥3동,0
위례동,신흥1동,0
야탑1동,수내1동,0
야탑1동,수내2동,0
야탑1동,수내3동,0
야탑1동,신촌동,0
야탑1동,신흥3동,0
야탑1동,중앙동,0
수진1동,상대원2동,0
이매2동,금광1동,0
중앙동,야탑3동,0
정자동,복정동,0
상대원2동,양지동,0
상대원2동,이매1동,0
상대원2동,정자2동,0
상대원2동,중앙동,0
상대원2동,태평2동,0
상대원2동,태평3동,0
상대원2동,태평4동,0
정자3동,판교동,0
정자3동,태평3동,0
상대원2동,판교동,0
상대원2동,하대원동,0
상대원3동,고등동,0
상대원3동,구미동,0
정자3동,이매2동,0
상대원3동,산성동,0
상대원3동,삼평동,0
상대원3동,수내1동,0
상대원3동,야탑1동,0
양지동,야탑3동,0
정자3동,수진2동,0
상대원3동,운중동,0
정자3동,수내2동,0
정자3동,수내1동,0
상대원3동,태평1동,0
정자3동,상대원3동,0
서현1동,금광1동,0
서현1동,단대동,0
서현1동,양지동,0
서현1동,태평2동,0
상대원2동,야탑1동,0
상대원2동,신촌동,0
수진1동,산성동,0
상대원2동,수진2동,0
중앙동,야탑1동,0
삼평동,단대동,0
중앙동,신흥1동,0
중앙동,시흥동,0
중앙동,수내1동,0
삼평동,수내2동,0
중앙동,상대원2동,0
삼평동,수내3동,0
삼평동,수진2동,0
중앙동,분당동,0
중앙동,복정동,0
중앙동,백현동,0
삼평동,양지동,0
삼평동,중앙동,0
삼평동,태평2동,0
상대원1동,구미동,0
정자동,태평3동,0
상대원1동,분당동,0
상대원1동,수진1동,0
상대원1동,정자1동,0
정자동,수진2동,0
상대원1동,판교동,0
정자동,수내2동,0
상대원2동,도촌동,0
상대원2동,삼평동,0
상대원2동,서현1동,0
상대원2동,수내3동,0
상대원2동,수진1동,0
정자동,상대원1동,0
정자3동,고등동,0
정자2동,판교동,0
서현1동,하대원동,0
서현2동,고등동,0
수내2동,수내3동,0
정자1동,산성동,0
수내2동,수진1동,0
정자1동,복정동,0
수내2동,신흥3동,0
수내2동,야탑2동,0
정자1동,금광2동,0
수내2동,운중동,0
수내2동,이매1동,0
수내2동,이매2동,0
수내2동,정자2동,0
수내2동,판교동,0
이매2동,태평3동,0
이매2동,태평1동,0
이매2동,중앙동,0
이매2동,정자동,0
이매2동,정자2동,0
수내3동,고등동,0
수내3동,복정동,0
수내3동,상대원1동,0
수내3동,수진1동,0
수내3동,신흥1동,0
수내3동,신흥2동,0
수내3동,야탑2동,0
이매2동,수내3동,0
이매2동,수내2동,0
이매2동,상대원1동,0
수진1동,고등동,0
이매2동,단대동,0
정자1동,상대원1동,0
수내2동,서현1동,0
수내2동,금광1동,0
정자2동,고등동,0
서현2동,금광2동,0
정자2동,이매2동,0
서현2동,도촌동,0
서현2동,수내2동,0
서현2동,수내3동,0
서현2동,수진2동,0
정자2동,야탑1동,0
정자2동,수내3동,0
서현2동,이매2동,0
서현2동,태평3동,0
서현2동,태평4동,0
성남동,수내3동,0
성남동,판교동,0
정자1동,하대원동,0
수내2동,금곡동,0
수내1동,금광1동,0
정자1동,태평4동,0
정자1동,태평3동,0
수내1동,도촌동,0
수내1동,수진1동,0
수내1동,수진2동,0
정자1동,은행2동,0
수내1동,신흥3동,0
수내1동,양지동,0
정자1동,신흥1동,0
수내2동,고등동,0
수내2동,구미동,0
정자1동,수진1동,0
시흥동,태평3동,0
