topic_group,horizon_months,dong_cluster,end_month,topic_share_window,outflow_window
불법광고물,3,구미동,202404,0.0657252019151714,0.033821871476888386
불법광고물,3,금곡동,202404,0.0774087024087024,-0.12818047811318337
불법광고물,3,금광동,202404,0.013093624983868866,0.007910140800506227
불법광고물,3,금광동,202406,0.013176854280581301,0.04350577440278435
불법광고물,3,도촌동,202404,0.19796650717703346,-0.315884476534296
불법광고물,3,삼평동,202403,0.1098222764889431,-0.19748210318439888
불법광고물,3,서현동,202404,0.08139784722655409,0.27497376894967257
불법광고물,3,서현동,202406,0.056217248671342535,0.22793878215564964
불법광고물,3,성남동,202404,0.011090351633611167,-0.10250102501025009
불법광고물,3,성남동,202405,0.007046557619526665,-0.22550225502255025
불법광고물,3,수내동,202403,0.03829360020397753,0.6955749593014652
불법광고물,3,수진동,202404,0.03351212279783703,0.8870910510254774
불법광고물,3,수진동,202406,0.035184363600512636,0.667092470371159
불법광고물,3,야탑동,202404,0.027292968469439034,0.318157502041276
불법광고물,3,야탑동,202406,0.0324283559577677,0.11262212461638088
불법광고물,3,정자동,202404,0.06206563706563704,0.27586497357171436
불법광고물,3,정자동,202406,0.0575107716412064,0.1389854065323141
불법주정차,3,구미동,202403,0.12389834859245313,0.04133784291619692
불법주정차,3,구미동,202404,0.06312228501134047,-0.003757985719654272
불법주정차,3,구미동,202405,0.03909156532844687,0.033821871476888386
불법주정차,3,구미동,202406,0.06795491143317227,0.10522360015031944
불법주정차,3,금곡동,202403,0.3648018648018648,-0.29481509966032177
불법주정차,3,금곡동,202404,0.30419580419580416,-0.12818047811318337
불법주정차,3,금곡동,202405,0.142905481615159,-0.19227071716977504
불법주정차,3,금곡동,202406,0.08681573802541546,-0.16663462154713837
불법주정차,3,금광동,202403,0.07046311950158096,0.011865211200759377
불법주정차,3,금광동,202404,0.08247757297944909,0.19379844961240308
불법주정차,3,금광동,202405,0.05873137237154636,0.28080999841797183
불법주정차,3,금광동,202406,0.07094243989808496,0.1305173232083531
불법주정차,3,단대동,202406,0.09541569541569539,-0.012805736970162638
불법주정차,3,백현동,202403,0.0786435786435786,0.03439262622093823
불법주정차,3,백현동,202404,0.11327561327561324,0.24762690879075525
불법주정차,3,백현동,202405,0.1076479076479076,0.4195900398954464
불법주정차,3,백현동,202406,0.11558441558441553,-0.06878525244187646
불법주정차,3,복정동,202406,0.1132586367880485,0.37926675094816686
불법주정차,3,삼평동,202403,0.07414190747524076,-0.19748210318439888
불법주정차,3,삼평동,202404,0.09574684574684572,-0.2550810499465152
불법주정차,3,삼평동,202405,0.07539155337082795,-0.18102526125236562
불법주정차,3,삼평동,202406,0.06525440369879455,-0.2139389451164321
불법주정차,3,상대원동,202403,0.06022678896242106,0.14047762392133253
불법주정차,3,상대원동,202404,0.04619760826657373,0.11539233393538029
불법주정차,3,상대원동,202405,0.03222420281243807,0.30102347983142685
불법주정차,3,상대원동,202406,0.0284363240245593,0.5719446116797111
불법주정차,3,서현동,202403,0.061221192498093435,0.3762798943521835
불법주정차,3,서현동,202405,0.037126716790714505,0.14110496038206882
불법주정차,3,서현동,202406,0.0413578829413853,0.09406997358804588
불법주정차,3,성남동,202403,0.02326364765574007,-0.3075030750307503
불법주정차,3,성남동,202404,0.029826836311484067,-0.41410414104141036
불법주정차,3,성남동,202405,0.020042872109606133,-0.15990159901599013
불법주정차,3,성남동,202406,0.0189255705438741,-0.0943009430094301
불법주정차,3,수내동,202403,0.09188551759306474,0.6955749593014652
불법주정차,3,수내동,202404,0.0819525076600548,0.7153075822603719
불법주정차,3,수내동,202405,0.06351725586149364,0.6659760248631049
불법주정차,3,수내동,202406,0.027428606565297164,0.6807754920822852
불법주정차,3,수진동,202403,0.08922782198644263,0.7735433964942162
불법주정차,3,수진동,202404,0.0866474795046223,0.8870910510254774
불법주정차,3,수진동,202405,0.05091818148024233,0.44709388971684066
불법주정차,3,신흥동,202405,0.03261454910551293,-1.8556103218324151
불법주정차,3,신흥동,202406,0.0229797394707033,-0.5444412228987469
불법주정차,3,야탑동,202406,0.09527001683864422,0.4195174141960188
불법주정차,3,운중동,202404,0.15508935508935506,-0.4228776826302993
불법주정차,3,운중동,202406,0.21919191919191916,-0.33301617507136066
불법주정차,3,은행동,202406,0.019370924434215498,0.20783373301358912
불법주정차,3,이매동,202403,0.10905695611577959,0.7407407407407408
불법주정차,3,이매동,202404,0.11461251167133517,0.5726293669556081
불법주정차,3,이매동,202405,0.07848771692585077,0.2994483845547675
불법주정차,3,이매동,202406,0.0601053639846743,0.278434462831626
불법주정차,3,정자동,202403,0.06434837092731827,0.3264051214016468
불법주정차,3,정자동,202405,0.0599331182362035,0.28850001052919744
불법주정차,3,정자동,202406,0.04725195881591363,0.10529197464569251
불법주정차,3,태평동,202403,0.12270500271052602,0.8991289688114638
불법주정차,3,태평동,202404,0.13602818504779282,1.0552277481190098
불법주정차,3,태평동,202405,0.06920253586920251,0.8897630420530112
불법주정차,3,태평동,202406,0.043211632685316866,0.6930785801255035
불법주정차,3,판교동,202404,0.09205741626794256,0.32441200324412006
불법주정차,3,판교동,202405,0.06834060210865049,0.018022889069117805
불법주정차,3,하대원동,202403,0.03941587864460203,0.12715712988192548
불법주정차,3,하대원동,202404,0.034702073930797335,-0.18165304268846505
불법주정차,3,하대원동,202406,0.04809493107365446,-0.23614895549500456
불법주정차,6,구미동,202406,0.0959266300128127,0.07328072153325817
불법주정차,6,금곡동,202406,0.2258088014136401,-0.23072486060373007
불법주정차,6,금광동,202406,0.07070277969983296,0.07119126720455624
불법주정차,6,백현동,202406,0.09711399711399706,-0.017196313110469114
불법주정차,6,삼평동,202406,0.06969815558701765,-0.2057105241504155
불법주정차,6,상대원동,202406,0.04433155649349019,0.35621111780052184
불법주정차,6,성남동,202406,0.021094609099807083,-0.20090200902009017
불법주정차,6,수내동,202406,0.05965706207918095,0.6881752256918752
불법주정차,6,이매동,202406,0.08458116005022694,0.5095876017861833
불법주정차,6,태평동,202406,0.08295831769792143,0.7961037744684837
생활환경,3,금광동,202404,0.020475938487195502,0.18984337921214997
생활환경,3,금광동,202406,0.016855464080204233,0.22543901281442805
생활환경,3,백현동,202406,0.06760461760461757,-0.24762690879075522
생활환경,3,상대원동,202406,0.020141065830720967,0.24081878386514152
생활환경,3,정자동,202406,0.0233832230399736,0.11371533261734791
시설노후/파손,3,고등동,202403,0.861111111111111,-1.0117582718074924
시설노후/파손,3,고등동,202404,0.861111111111111,-0.5058791359037462
시설노후/파손,3,고등동,202405,0.941919191919192,-0.054689636313918516
시설노후/파손,3,고등동,202406,0.9696969696969697,0.12305168170631665
시설노후/파손,3,구미동,202403,0.8410341975414278,0.04133784291619692
시설노후/파손,3,구미동,202404,0.8690846884250183,-0.003757985719654272
시설노후/파손,3,구미동,202405,0.9043256149702925,0.033821871476888386
시설노후/파손,3,구미동,202406,0.879549114331723,0.10522360015031944
시설노후/파손,3,금곡동,202403,0.5678904428904429,-0.29481509966032177
시설노후/파손,3,금곡동,202404,0.5981934731934732,-0.12818047811318337
시설노후/파손,3,금곡동,202405,0.7957741183547635,-0.19227071716977504
시설노후/파손,3,금곡동,202406,0.8775048875855327,-0.16663462154713837
시설노후/파손,3,금광동,202403,0.9040973983281676,0.011865211200759377
시설노후/파손,3,금광동,202404,0.902471382068005,0.19379844961240308
시설노후/파손,3,금광동,202405,0.9291937731520982,0.28080999841797183
시설노후/파손,3,금광동,202406,0.9059462053928623,0.1305173232083531
시설노후/파손,3,단대동,202403,0.9777777777777777,0.3329491612242284
시설노후/파손,3,단대동,202404,0.9136752136752136,0.2945319503137405
시설노후/파손,3,단대동,202405,0.9136752136752136,-0.16647458061211426
시설노후/파손,3,단대동,202406,0.9156954156954158,-0.2817262133435779
시설노후/파손,3,도촌동,202403,0.849780701754386,-0.15042117930204574
시설노후/파손,3,도촌동,202404,0.7285685805422647,-0.315884476534296
시설노후/파손,3,도촌동,202405,0.7910685805422647,-0.12785800240673886
시설노후/파손,3,도촌동,202406,0.8787878787878788,0.18050541516245486
시설노후/파손,3,백현동,202403,0.8815295815295815,0.03439262622093823
시설노후/파손,3,백현동,202404,0.8367965367965368,0.24762690879075525
시설노후/파손,3,백현동,202405,0.8727272727272727,0.4195900398954464
시설노후/파손,3,백현동,202406,0.8326479076479076,-0.06878525244187646
시설노후/파손,3,복정동,202403,0.9444444444444445,0.606826801517067
시설노후/파손,3,복정동,202404,0.8968253968253969,0.2949852507374631
시설노후/파손,3,복정동,202405,0.8968253968253969,0.1685630004214075
시설노후/파손,3,복정동,202406,0.9327731092436974,0.2865571007163928
시설노후/파손,3,분당동,202403,0.8944444444444444,0.34692107545533396
시설노후/파손,3,분당동,202404,0.9166666666666666,0.332466030644695
시설노후/파손,3,분당동,202405,0.9166666666666666,0.5854293148308759
시설노후/파손,3,분당동,202406,0.9722222222222222,0.7516623301532235
시설노후/파손,3,산성동,202405,0.9166666666666666,-0.49566294919454773
시설노후/파손,3,산성동,202406,0.8690476190476191,-0.4543577034283354
시설노후/파손,3,삼평동,202403,0.8036901370234704,-0.19748210318439888
시설노후/파손,3,삼평동,202404,0.8438135938135938,-0.2550810499465152
시설노후/파손,3,삼평동,202405,0.9100608180919062,-0.18102526125236562
시설노후/파손,3,삼평동,202406,0.9020107286464679,-0.2139389451164321
시설노후/파손,3,상대원동,202403,0.9279654785401913,0.14047762392133253
시설노후/파손,3,상대원동,202404,0.9419946592360385,0.11539233393538029
시설노후/파손,3,상대원동,202405,0.9617151911269559,0.30102347983142685
시설노후/파손,3,상대원동,202406,0.9632303426421074,0.5719446116797111
시설노후/파손,3,서현동,202403,0.8499037057143227,0.3762798943521835
시설노후/파손,3,서현동,202404,0.8762779060015665,0.27497376894967257
시설노후/파손,3,서현동,202405,0.9223649625250555,0.14110496038206882
시설노후/파손,3,서현동,202406,0.9488091217034894,0.06874344223741814
시설노후/파손,3,성남동,202403,0.9673466809827574,-0.3075030750307503
시설노후/파손,3,성남동,202404,0.9637776477356558,-0.41410414104141036
시설노후/파손,3,성남동,202405,0.9776054059516183,-0.15990159901599013
시설노후/파손,3,성남동,202406,0.975355704150347,-0.0943009430094301
시설노후/파손,3,수내동,202403,0.8509529576746558,0.6955749593014652
시설노후/파손,3,수내동,202404,0.8613479680696662,0.7153075822603719
시설노후/파손,3,수내동,202405,0.890199886534894,0.6659760248631049
시설노후/파손,3,수내동,202406,0.9243418452051547,0.6807754920822852
시설노후/파손,3,수진동,202403,0.8597480106100797,0.7735433964942162
시설노후/파손,3,수진동,202404,0.8670198848770277,0.8870910510254774
시설노후/파손,3,수진동,202405,0.9283902085424334,0.44709388971684066
시설노후/파손,3,수진동,202406,0.9555641215859118,0.14903129657228023
시설노후/파손,3,시흥동,202403,0.9523809523809524,-0.8244994110718493
시설노후/파손,3,시흥동,202404,0.919047619047619,-0.618374558303887
시설노후/파손,3,시흥동,202405,0.9363636363636364,-0.3533568904593641
시설노후/파손,3,시흥동,202406,0.9363636363636364,0.4122497055359246
시설노후/파손,3,신흥동,202403,0.9490800865800866,-2.400051544731162
시설노후/파손,3,신흥동,202404,0.9464285714285715,-1.3208337360265454
시설노후/파손,3,신흥동,202405,0.9503012048192772,-0.7763925131277988
시설노후/파손,3,신흥동,202406,0.962587529605602,-0.4477948519699752
시설노후/파손,3,야탑동,202403,0.9316239316239315,0.20553537742489514
시설노후/파손,3,야탑동,202404,0.918552036199095,0.318157502041276
시설노후/파손,3,야탑동,202405,0.9722082565219821,0.32660416138750453
시설노후/파손,3,야탑동,202406,0.919669292218312,0.32660416138750453
시설노후/파손,3,양지동,202403,1.0,-0.1372549019607843
시설노후/파손,3,양지동,202404,0.8333333333333334,0.19607843137254907
시설노후/파손,3,양지동,202405,0.8333333333333334,0.6470588235294118
시설노후/파손,3,양지동,202406,0.5416666666666666,0.6666666666666666
시설노후/파손,3,운중동,202403,0.823931623931624,-0.5603129294851464
시설노후/파손,3,운중동,202404,0.9474747474747476,-0.4915953060577229
시설노후/파손,3,운중동,202405,0.9696969696969697,-0.30130034887408813
시설노후/파손,3,운중동,202406,0.8030303030303031,-0.14272121788772596
시설노후/파손,3,은행동,202403,0.9810606060606061,0.34638955502264857
시설노후/파손,3,은행동,202404,0.9962121212121212,0.21316280309086064
시설노후/파손,3,은행동,202405,1.0,0.39968025579536376
시설노후/파손,3,은행동,202406,0.9915611814345991,0.2611244337863043
시설노후/파손,3,이매동,202403,0.8909430438842203,0.7407407407407408
시설노후/파손,3,이매동,202404,0.8576097105508871,0.5726293669556081
시설노후/파손,3,이매동,202405,0.8937345052963716,0.2994483845547675
시설노후/파손,3,이매동,202406,0.9121168582375478,0.278434462831626
시설노후/파손,3,정자동,202403,0.8872180451127821,0.3264051214016468
시설노후/파손,3,정자동,202404,0.8932669511616881,0.2969233685008529
시설노후/파손,3,정자동,202405,0.9548250609956598,0.2126897887842989
시설노후/파손,3,정자동,202406,0.9143979061520291,0.0547518268157601
시설노후/파손,3,중앙동,202403,1.0,0.1816860465116279
시설노후/파손,3,중앙동,202404,0.9743589743589745,0.1816860465116279
시설노후/파손,3,중앙동,202405,0.9743589743589745,0.29069767441860467
시설노후/파손,3,중앙동,202406,0.9440559440559442,0.08478682170542635
시설노후/파손,3,태평동,202403,0.8726001616087228,0.8991289688114638
시설노후/파손,3,태평동,202404,0.8639718149522072,1.0552277481190098
시설노후/파손,3,태평동,202405,0.9307974641307976,0.8897630420530112
시설노후/파손,3,태평동,202406,0.9333965544491861,0.6930785801255035
시설노후/파손,3,판교동,202403,0.9104678362573099,0.5226637830044156
시설노후/파손,3,판교동,202404,0.9068314726209463,0.05406866720735337
시설노후/파손,3,판교동,202405,0.9389693394118174,-0.09912588988014776
시설노후/파손,3,판교동,202406,0.966747117189595,-0.28836622510588444
시설노후/파손,3,하대원동,202403,0.9411913908589441,0.12715712988192548
시설노후/파손,3,하대원동,202404,0.9459051955727488,-0.18165304268846505
시설노후/파손,3,하대원동,202405,0.951113528906082,-0.2997275204359673
시설노후/파손,3,하대원동,202406,0.9556727994227994,-0.1907356948228883
시설노후/파손,6,고등동,202406,0.9154040404040403,-0.4443532950505879
시설노후/파손,6,구미동,202406,0.8602916559365754,0.07328072153325817
시설노후/파손,6,금곡동,202406,0.7226976652379878,-0.23072486060373007
시설노후/파손,6,금광동,202406,0.905021801860515,0.07119126720455624
시설노후/파손,6,단대동,202406,0.9467365967365967,0.025611473940325254
시설노후/파손,6,도촌동,202406,0.8642842902711324,0.015042117930204565
시설노후/파손,6,백현동,202406,0.8570887445887446,-0.017196313110469114
시설노후/파손,6,복정동,202406,0.9386087768440708,0.44669195111672994
시설노후/파손,6,분당동,202406,0.9333333333333332,0.5492917028042786
시설노후/파손,6,삼평동,202406,0.8528504328349692,-0.2057105241504155
시설노후/파손,6,상대원동,202406,0.9455979105911493,0.35621111780052184
시설노후/파손,6,서현동,202406,0.899356413708906,0.22251166829480082
시설노후/파손,6,성남동,202406,0.9713511925665522,-0.20090200902009017
시설노후/파손,6,수내동,202406,0.8876474014399052,0.6881752256918752
시설노후/파손,6,수진동,202406,0.9076560660979957,0.46128734653324827
시설노후/파손,6,시흥동,202406,0.9443722943722944,-0.20612485276796236
시설노후/파손,6,신흥동,202406,0.9558338080928444,-1.4239231983505685
시설노후/파손,6,야탑동,202406,0.9256466119211217,0.2660697694061998
시설노후/파손,6,양지동,202406,0.7708333333333334,0.2647058823529412
시설노후/파손,6,운중동,202406,0.8134809634809635,-0.3515170736864362
시설노후/파손,6,은행동,202406,0.9863108937476026,0.3037569944044764
시설노후/파손,6,이매동,202406,0.9015299510608842,0.5095876017861833
시설노후/파손,6,정자동,202406,0.9008079756324054,0.19057847410870343
시설노후/파손,6,중앙동,202406,0.9720279720279721,0.13323643410852712
시설노후/파손,6,태평동,202406,0.9029983580289543,0.7961037744684837
시설노후/파손,6,판교동,202406,0.9386074767234525,0.11714877894926558
시설노후/파손,6,하대원동,202406,0.9484320951408717,-0.031789282470481385
