month,dong_cluster,youth_in,youth_out,youth_net,youth_pop,total_pop,monthly_outflow_rate,month_dt,complaint_count,processed_count,processing_days_median,parking_count,parking_share,processed_rate,complaints_per_1000_totalpop_month,negative_net_flag,topic_group,complaint_count_topic,month_cluster_total,topic_share
202401,고등동,70,40,30,2438,11670,-1.2305168170631664,2024-01-01,3.0,3.0,0.0,0.0,0.0,1.0,0.2570694087403599,0,시설노후/파손,3.0,3.0,1.0
202402,고등동,85,46,39,2438,11670,-1.5996718621821164,2024-02-01,1.0,3.0,3.0,0.0,0.0,1.0,0.2570694087403599,0,생활환경,1.0,3.0,0.3333333333333333
202402,고등동,85,46,39,2438,11670,-1.5996718621821164,2024-02-01,2.0,3.0,3.0,0.0,0.0,1.0,0.2570694087403599,0,시설노후/파손,2.0,3.0,0.6666666666666666
202403,고등동,60,55,5,2438,11670,-0.20508613617719443,2024-03-01,1.0,10.0,1.0,1.0,0.0833333333333333,0.8333333333333334,1.0282776349614395,0,불법주정차,1.0,12.0,0.0833333333333333
202403,고등동,60,55,5,2438,11670,-0.20508613617719443,2024-03-01,11.0,10.0,1.0,1.0,0.0833333333333333,0.8333333333333334,1.0282776349614395,0,시설노후/파손,11.0,12.0,0.9166666666666666
202404,고등동,66,73,-7,2438,11670,0.2871205906480722,2024-04-01,9.0,8.0,0.0,0.0,0.0,0.8888888888888888,0.7712082262210798,1,시설노후/파손,9.0,9.0,1.0
202405,고등동,71,65,6,2438,11670,-0.2461033634126333,2024-05-01,1.0,10.0,0.0,1.0,0.0909090909090909,0.9090909090909091,0.9425878320479864,0,불법주정차,1.0,11.0,0.0909090909090909
202405,고등동,71,65,6,2438,11670,-0.2461033634126333,2024-05-01,10.0,10.0,0.0,1.0,0.0909090909090909,0.9090909090909091,0.9425878320479864,0,시설노후/파손,10.0,11.0,0.9090909090909092
202406,고등동,51,59,-8,2438,11670,0.3281378178835111,2024-06-01,7.0,7.0,0.0,0.0,0.0,1.0,0.5998286203941731,1,시설노후/파손,7.0,7.0,1.0
202401,구미동,192,213,-21,8870,43891,0.23675310033821872,2024-01-01,1.0,29.0,0.0,7.0,0.2258064516129032,0.9354838709677419,0.7062951402337609,1,불법광고물,1.0,31.0,0.032258064516129
202401,구미동,192,213,-21,8870,43891,0.23675310033821872,2024-01-01,7.0,29.0,0.0,7.0,0.2258064516129032,0.9354838709677419,0.7062951402337609,1,불법주정차,7.0,31.0,0.2258064516129032
202401,구미동,192,213,-21,8870,43891,0.23675310033821872,2024-01-01,23.0,29.0,0.0,7.0,0.2258064516129032,0.9354838709677419,0.7062951402337609,1,시설노후/파손,23.0,31.0,0.7419354838709677
202402,구미동,228,239,-11,8870,43891,0.12401352874859076,2024-02-01,1.0,23.0,0.0,2.0,0.0769230769230769,0.8846153846153846,0.5923765692283156,1,공원/녹지,1.0,26.0,0.0384615384615384
202402,구미동,228,239,-11,8870,43891,0.12401352874859076,2024-02-01,2.0,23.0,0.0,2.0,0.0769230769230769,0.8846153846153846,0.5923765692283156,1,불법주정차,2.0,26.0,0.0769230769230769
202402,구미동,228,239,-11,8870,43891,0.12401352874859076,2024-02-01,23.0,23.0,0.0,2.0,0.0769230769230769,0.8846153846153846,0.5923765692283156,1,시설노후/파손,23.0,26.0,0.8846153846153846
202403,구미동,208,187,21,8870,43891,-0.23675310033821872,2024-03-01,1.0,20.0,0.0,2.0,0.0689655172413793,0.6896551724137931,0.6607277118315827,0,불법광고물,1.0,29.0,0.0344827586206896
202403,구미동,208,187,21,8870,43891,-0.23675310033821872,2024-03-01,2.0,20.0,0.0,2.0,0.0689655172413793,0.6896551724137931,0.6607277118315827,0,불법주정차,2.0,29.0,0.0689655172413793
202403,구미동,208,187,21,8870,43891,-0.23675310033821872,2024-03-01,26.0,20.0,0.0,2.0,0.0689655172413793,0.6896551724137931,0.6607277118315827,0,시설노후/파손,26.0,29.0,0.896551724137931
202404,구미동,172,181,-9,8870,43891,0.10146561443066515,2024-04-01,3.0,17.0,0.0,1.0,0.0434782608695652,0.7391304347826086,0.5240254266250485,1,불법광고물,3.0,23.0,0.1304347826086956
202404,구미동,172,181,-9,8870,43891,0.10146561443066515,2024-04-01,1.0,17.0,0.0,1.0,0.0434782608695652,0.7391304347826086,0.5240254266250485,1,불법주정차,1.0,23.0,0.0434782608695652
202404,구미동,172,181,-9,8870,43891,0.10146561443066515,2024-04-01,19.0,17.0,0.0,1.0,0.0434782608695652,0.7391304347826086,0.5240254266250485,1,시설노후/파손,19.0,23.0,0.8260869565217391
202405,구미동,172,193,-21,8870,43891,0.23675310033821872,2024-05-01,1.0,150.0,0.0,1.0,0.0048309178743961,0.7246376811594203,4.716228839625435,1,보행/도로안전,1.0,207.0,0.0048309178743961
202405,구미동,172,193,-21,8870,43891,0.23675310033821872,2024-05-01,1.0,150.0,0.0,1.0,0.0048309178743961,0.7246376811594203,4.716228839625435,1,불법주정차,1.0,207.0,0.0048309178743961
202405,구미동,172,193,-21,8870,43891,0.23675310033821872,2024-05-01,205.0,150.0,0.0,1.0,0.0048309178743961,0.7246376811594203,4.716228839625435,1,시설노후/파손,205.0,207.0,0.9903381642512076
202406,구미동,178,176,2,8870,43891,-0.02254791431792559,2024-06-01,7.0,35.0,0.0,7.0,0.1555555555555555,0.7777777777777778,1.0252671390490078,0,불법주정차,7.0,45.0,0.1555555555555555
202406,구미동,178,176,2,8870,43891,-0.02254791431792559,2024-06-01,1.0,35.0,0.0,7.0,0.1555555555555555,0.7777777777777778,1.0252671390490078,0,생활환경,1.0,45.0,0.0222222222222222
202406,구미동,178,176,2,8870,43891,-0.02254791431792559,2024-06-01,37.0,35.0,0.0,7.0,0.1555555555555555,0.7777777777777778,1.0252671390490078,0,시설노후/파손,37.0,45.0,0.8222222222222222
202401,금곡동,136,105,31,5201,26667,-0.5960392232263027,2024-01-01,4.0,9.0,0.0,4.0,0.3636363636363636,0.8181818181818182,0.4124948438144523,0,불법주정차,4.0,11.0,0.3636363636363636
202401,금곡동,136,105,31,5201,26667,-0.5960392232263027,2024-01-01,7.0,9.0,0.0,4.0,0.3636363636363636,0.8181818181818182,0.4124948438144523,0,시설노후/파손,7.0,11.0,0.6363636363636364
202402,금곡동,127,120,7,5201,26667,-0.13458950201884254,2024-02-01,1.0,5.0,0.0,4.0,0.5,0.625,0.2999962500468744,0,불법광고물,1.0,8.0,0.125
202402,금곡동,127,120,7,5201,26667,-0.13458950201884254,2024-02-01,4.0,5.0,0.0,4.0,0.5,0.625,0.2999962500468744,0,불법주정차,4.0,8.0,0.5
202402,금곡동,127,120,7,5201,26667,-0.13458950201884254,2024-02-01,3.0,5.0,0.0,4.0,0.5,0.625,0.2999962500468744,0,시설노후/파손,3.0,8.0,0.375
202403,금곡동,142,134,8,5201,26667,-0.15381657373582003,2024-03-01,1.0,10.0,0.0,3.0,0.2307692307692307,0.7692307692307693,0.48749390632617096,0,불법광고물,1.0,13.0,0.0769230769230769
202403,금곡동,142,134,8,5201,26667,-0.15381657373582003,2024-03-01,3.0,10.0,0.0,3.0,0.2307692307692307,0.7692307692307693,0.48749390632617096,0,불법주정차,3.0,13.0,0.2307692307692307
202403,금곡동,142,134,8,5201,26667,-0.15381657373582003,2024-03-01,9.0,10.0,0.0,3.0,0.2307692307692307,0.7692307692307693,0.48749390632617096,0,시설노후/파손,9.0,13.0,0.6923076923076923
202404,금곡동,103,98,5,5201,26667,-0.09613535858488752,2024-04-01,1.0,26.0,0.0,6.0,0.1818181818181818,0.7878787878787878,1.2374845314433571,0,불법광고물,1.0,33.0,0.0303030303030303
202404,금곡동,103,98,5,5201,26667,-0.09613535858488752,2024-04-01,6.0,26.0,0.0,6.0,0.1818181818181818,0.7878787878787878,1.2374845314433571,0,불법주정차,6.0,33.0,0.1818181818181818
202404,금곡동,103,98,5,5201,26667,-0.09613535858488752,2024-04-01,2.0,26.0,0.0,6.0,0.1818181818181818,0.7878787878787878,1.2374845314433571,0,생활환경,2.0,33.0,0.0606060606060606
202404,금곡동,103,98,5,5201,26667,-0.09613535858488752,2024-04-01,24.0,26.0,0.0,6.0,0.1818181818181818,0.7878787878787878,1.2374845314433571,0,시설노후/파손,24.0,33.0,0.7272727272727273
202405,금곡동,134,117,17,5201,26667,-0.3268602191886176,2024-05-01,1.0,48.0,0.0,1.0,0.0161290322580645,0.7741935483870968,2.324970937863277,0,기타,1.0,62.0,0.0161290322580645
202405,금곡동,134,117,17,5201,26667,-0.3268602191886176,2024-05-01,1.0,48.0,0.0,1.0,0.0161290322580645,0.7741935483870968,2.324970937863277,0,불법주정차,1.0,62.0,0.0161290322580645
202405,금곡동,134,117,17,5201,26667,-0.3268602191886176,2024-05-01,60.0,48.0,0.0,1.0,0.0161290322580645,0.7741935483870968,2.324970937863277,0,시설노후/파손,60.0,62.0,0.967741935483871
202406,금곡동,115,111,4,5201,26667,-0.07690828686791001,2024-06-01,1.0,13.0,0.0,1.0,0.0625,0.8125,0.5999925000937488,0,불법주정차,1.0,16.0,0.0625
202406,금곡동,115,111,4,5201,26667,-0.07690828686791001,2024-06-01,15.0,13.0,0.0,1.0,0.0625,0.8125,0.5999925000937488,0,시설노후/파손,15.0,16.0,0.9375
202401,금광동,207,192,15,8428,42822,-0.1779781680113906,2024-01-01,2.0,81.0,1.0,7.0,0.0777777777777777,0.9,2.101723413198823,0,불법광고물,2.0,90.0,0.0222222222222222
202401,금광동,207,192,15,8428,42822,-0.1779781680113906,2024-01-01,7.0,81.0,1.0,7.0,0.0777777777777777,0.9,2.101723413198823,0,불법주정차,7.0,90.0,0.0777777777777777
202401,금광동,207,192,15,8428,42822,-0.1779781680113906,2024-01-01,3.0,81.0,1.0,7.0,0.0777777777777777,0.9,2.101723413198823,0,생활환경,3.0,90.0,0.0333333333333333
202401,금광동,207,192,15,8428,42822,-0.1779781680113906,2024-01-01,78.0,81.0,1.0,7.0,0.0777777777777777,0.9,2.101723413198823,0,시설노후/파손,78.0,90.0,0.8666666666666667
202402,금광동,216,202,14,8428,42822,-0.16611295681063123,2024-02-01,1.0,86.0,1.0,9.0,0.0803571428571428,0.7678571428571429,2.615478025314091,0,불법광고물,1.0,112.0,0.0089285714285714
202402,금광동,216,202,14,8428,42822,-0.16611295681063123,2024-02-01,9.0,86.0,1.0,9.0,0.0803571428571428,0.7678571428571429,2.615478025314091,0,불법주정차,9.0,112.0,0.0803571428571428
202402,금광동,216,202,14,8428,42822,-0.16611295681063123,2024-02-01,102.0,86.0,1.0,9.0,0.0803571428571428,0.7678571428571429,2.615478025314091,0,시설노후/파손,102.0,112.0,0.9107142857142856
202403,금광동,191,223,-32,8428,42822,0.37968675842429994,2024-03-01,9.0,124.0,1.0,9.0,0.0532544378698224,0.7337278106508875,3.946569520340012,1,불법주정차,9.0,169.0,0.0532544378698224
202403,금광동,191,223,-32,8428,42822,0.37968675842429994,2024-03-01,2.0,124.0,1.0,9.0,0.0532544378698224,0.7337278106508875,3.946569520340012,1,생활환경,2.0,169.0,0.0118343195266272
202403,금광동,191,223,-32,8428,42822,0.37968675842429994,2024-03-01,158.0,124.0,1.0,9.0,0.0532544378698224,0.7337278106508875,3.946569520340012,1,시설노후/파손,158.0,169.0,0.9349112426035504
202404,금광동,166,197,-31,8428,42822,0.36782154722354055,2024-04-01,1.0,85.0,0.0,14.0,0.1138211382113821,0.6910569105691057,2.872355331371725,1,불법광고물,1.0,123.0,0.008130081300813
202404,금광동,166,197,-31,8428,42822,0.36782154722354055,2024-04-01,14.0,85.0,0.0,14.0,0.1138211382113821,0.6910569105691057,2.872355331371725,1,불법주정차,14.0,123.0,0.1138211382113821
202404,금광동,166,197,-31,8428,42822,0.36782154722354055,2024-04-01,2.0,85.0,0.0,14.0,0.1138211382113821,0.6910569105691057,2.872355331371725,1,생활환경,2.0,123.0,0.016260162601626
202404,금광동,166,197,-31,8428,42822,0.36782154722354055,2024-04-01,106.0,85.0,0.0,14.0,0.1138211382113821,0.6910569105691057,2.872355331371725,1,시설노후/파손,106.0,123.0,0.8617886178861789
202405,금광동,146,154,-8,8428,42822,0.09492168960607499,2024-05-01,3.0,263.0,1.0,3.0,0.0091185410334346,0.7993920972644377,7.682966699360142,1,불법주정차,3.0,329.0,0.0091185410334346
202405,금광동,146,154,-8,8428,42822,0.09492168960607499,2024-05-01,326.0,263.0,1.0,3.0,0.0091185410334346,0.7993920972644377,7.682966699360142,1,시설노후/파손,326.0,329.0,0.9908814589665652
202406,금광동,174,168,6,8428,42822,-0.07119126720455624,2024-06-01,2.0,58.0,1.0,8.0,0.0898876404494382,0.651685393258427,2.0783709308299474,0,불법광고물,2.0,89.0,0.0224719101123595
202406,금광동,174,168,6,8428,42822,-0.07119126720455624,2024-06-01,8.0,58.0,1.0,8.0,0.0898876404494382,0.651685393258427,2.0783709308299474,0,불법주정차,8.0,89.0,0.0898876404494382
202406,금광동,174,168,6,8428,42822,-0.07119126720455624,2024-06-01,2.0,58.0,1.0,8.0,0.0898876404494382,0.651685393258427,2.0783709308299474,0,생활환경,2.0,89.0,0.0224719101123595
202406,금광동,174,168,6,8428,42822,-0.07119126720455624,2024-06-01,77.0,58.0,1.0,8.0,0.0898876404494382,0.651685393258427,2.0783709308299474,0,시설노후/파손,77.0,89.0,0.8651685393258427
202401,단대동,56,55,1,2603,14102,-0.0384172109104879,2024-01-01,22.0,22.0,1.0,0.0,0.0,1.0,1.5600624024960998,0,시설노후/파손,22.0,22.0,1.0
202402,단대동,59,80,-21,2603,14102,0.8067614291202458,2024-02-01,21.0,12.0,1.0,0.0,0.0,0.5714285714285714,1.4891504751099136,1,시설노후/파손,21.0,21.0,1.0
202403,단대동,63,69,-6,2603,14102,0.23050326546292738,2024-03-01,1.0,27.0,1.0,1.0,0.0333333333333333,0.9,2.1273578215855906,1,공원/녹지,1.0,30.0,0.0333333333333333
202403,단대동,63,69,-6,2603,14102,0.23050326546292738,2024-03-01,1.0,27.0,1.0,1.0,0.0333333333333333,0.9,2.1273578215855906,1,불법주정차,1.0,30.0,0.0333333333333333
202403,단대동,63,69,-6,2603,14102,0.23050326546292738,2024-03-01,28.0,27.0,1.0,1.0,0.0333333333333333,0.9,2.1273578215855906,1,시설노후/파손,28.0,30.0,0.9333333333333332
202404,단대동,82,78,4,2603,14102,-0.1536688436419516,2024-04-01,5.0,22.0,0.0,5.0,0.1923076923076923,0.8461538461538461,1.8437101120408452,0,불법주정차,5.0,26.0,0.1923076923076923
202404,단대동,82,78,4,2603,14102,-0.1536688436419516,2024-04-01,21.0,22.0,0.0,5.0,0.1923076923076923,0.8461538461538461,1.8437101120408452,0,시설노후/파손,21.0,26.0,0.8076923076923077
202405,단대동,84,69,15,2603,14102,-0.5762581636573185,2024-05-01,36.0,20.0,0.0,0.0,0.0,0.5555555555555556,2.552829385902709,0,시설노후/파손,36.0,36.0,1.0
202406,단대동,63,60,3,2603,14102,-0.11525163273146369,2024-06-01,2.0,27.0,0.0,2.0,0.0606060606060606,0.8181818181818182,2.3400936037441498,0,불법주정차,2.0,33.0,0.0606060606060606
202406,단대동,63,60,3,2603,14102,-0.11525163273146369,2024-06-01,31.0,27.0,0.0,2.0,0.0606060606060606,0.8181818181818182,2.3400936037441498,0,시설노후/파손,31.0,33.0,0.9393939393939394
202401,도촌동,69,93,-24,4432,25686,0.5415162454873645,2024-01-01,1.0,1.0,1.0,0.0,0.0,1.0,0.03893171377404033,1,시설노후/파손,1.0,1.0,1.0
202402,도촌동,122,109,13,4432,25686,-0.2933212996389892,2024-02-01,2.0,12.0,1.5,0.0,0.0,0.75,0.6229074203846453,0,불법광고물,2.0,16.0,0.125
202402,도촌동,122,109,13,4432,25686,-0.2933212996389892,2024-02-01,1.0,12.0,1.5,0.0,0.0,0.75,0.6229074203846453,0,생활환경,1.0,16.0,0.0625
202402,도촌동,122,109,13,4432,25686,-0.2933212996389892,2024-02-01,13.0,12.0,1.5,0.0,0.0,0.75,0.6229074203846453,0,시설노후/파손,13.0,16.0,0.8125
202403,도촌동,128,97,31,4432,25686,-0.6994584837545126,2024-03-01,2.0,16.0,1.0,3.0,0.1578947368421052,0.8421052631578947,0.7397025617067663,0,불법광고물,2.0,19.0,0.1052631578947368
202403,도촌동,128,97,31,4432,25686,-0.6994584837545126,2024-03-01,3.0,16.0,1.0,3.0,0.1578947368421052,0.8421052631578947,0.7397025617067663,0,불법주정차,3.0,19.0,0.1578947368421052
202403,도촌동,128,97,31,4432,25686,-0.6994584837545126,2024-03-01,14.0,16.0,1.0,3.0,0.1578947368421052,0.8421052631578947,0.7397025617067663,0,시설노후/파손,14.0,19.0,0.7368421052631579
202404,도촌동,94,96,-2,4432,25686,0.04512635379061372,2024-04-01,4.0,9.0,0.0,0.0,0.0,0.8181818181818182,0.42824885151444364,1,불법광고물,4.0,11.0,0.3636363636363636
202404,도촌동,94,96,-2,4432,25686,0.04512635379061372,2024-04-01,7.0,9.0,0.0,0.0,0.0,0.8181818181818182,0.42824885151444364,1,시설노후/파손,7.0,11.0,0.6363636363636364
202405,도촌동,87,99,-12,4432,25686,0.2707581227436823,2024-05-01,8.0,6.0,0.0,0.0,0.0,0.75,0.31145371019232265,1,시설노후/파손,8.0,8.0,1.0
202406,도촌동,77,87,-10,4432,25686,0.22563176895306858,2024-06-01,11.0,3.0,1.0,0.0,0.0,0.2727272727272727,0.42824885151444364,1,시설노후/파손,11.0,11.0,1.0
202401,백현동,129,122,7,4846,26189,-0.14444903012794055,2024-01-01,1.0,21.0,0.0,1.0,0.0476190476190476,1.0,0.8018633777540188,0,불법주정차,1.0,21.0,0.0476190476190476
202401,백현동,129,122,7,4846,26189,-0.14444903012794055,2024-01-01,20.0,21.0,0.0,1.0,0.0476190476190476,1.0,0.8018633777540188,0,시설노후/파손,20.0,21.0,0.9523809523809524
202402,백현동,107,96,11,4846,26189,-0.2269913330581923,2024-02-01,1.0,19.0,0.0,1.0,0.0454545454545454,0.8636363636363636,0.8400473481232579,0,불법주정차,1.0,22.0,0.0454545454545454
202402,백현동,107,96,11,4846,26189,-0.2269913330581923,2024-02-01,2.0,19.0,0.0,1.0,0.0454545454545454,0.8636363636363636,0.8400473481232579,0,생활환경,2.0,22.0,0.0909090909090909
202402,백현동,107,96,11,4846,26189,-0.2269913330581923,2024-02-01,19.0,19.0,0.0,1.0,0.0454545454545454,0.8636363636363636,0.8400473481232579,0,시설노후/파손,19.0,22.0,0.8636363636363636
202403,백현동,109,132,-23,4846,26189,0.4746182418489476,2024-03-01,5.0,32.0,0.0,5.0,0.1428571428571428,0.9142857142857143,1.3364389629233648,1,불법주정차,5.0,35.0,0.1428571428571428
202403,백현동,109,132,-23,4846,26189,0.4746182418489476,2024-03-01,1.0,32.0,0.0,5.0,0.1428571428571428,0.9142857142857143,1.3364389629233648,1,생활환경,1.0,35.0,0.0285714285714285
202403,백현동,109,132,-23,4846,26189,0.4746182418489476,2024-03-01,29.0,32.0,0.0,5.0,0.1428571428571428,0.9142857142857143,1.3364389629233648,1,시설노후/파손,29.0,35.0,0.8285714285714286
202404,백현동,82,106,-24,4846,26189,0.4952538175815105,2024-04-01,1.0,31.0,0.0,5.0,0.1515151515151515,0.9393939393939394,1.2600710221848868,1,불법광고물,1.0,33.0,0.0303030303030303
202404,백현동,82,106,-24,4846,26189,0.4952538175815105,2024-04-01,5.0,31.0,0.0,5.0,0.1515151515151515,0.9393939393939394,1.2600710221848868,1,불법주정차,5.0,33.0,0.1515151515151515
202404,백현동,82,106,-24,4846,26189,0.4952538175815105,2024-04-01,27.0,31.0,0.0,5.0,0.1515151515151515,0.9393939393939394,1.2600710221848868,1,시설노후/파손,27.0,33.0,0.8181818181818182
202405,백현동,98,112,-14,4846,26189,0.2888980602558811,2024-05-01,3.0,94.0,0.0,3.0,0.0285714285714285,0.8952380952380953,4.009316888770095,1,불법주정차,3.0,105.0,0.0285714285714285
202405,백현동,98,112,-14,4846,26189,0.2888980602558811,2024-05-01,102.0,94.0,0.0,3.0,0.0285714285714285,0.8952380952380953,4.009316888770095,1,시설노후/파손,102.0,105.0,0.9714285714285714
202406,백현동,107,59,48,4846,26189,-0.990507635163021,2024-06-01,1.0,19.0,0.0,4.0,0.1666666666666666,0.7916666666666666,0.9164152888617358,0,불법광고물,1.0,24.0,0.0416666666666666
202406,백현동,107,59,48,4846,26189,-0.990507635163021,2024-06-01,4.0,19.0,0.0,4.0,0.1666666666666666,0.7916666666666666,0.9164152888617358,0,불법주정차,4.0,24.0,0.1666666666666666
202406,백현동,107,59,48,4846,26189,-0.990507635163021,2024-06-01,2.0,19.0,0.0,4.0,0.1666666666666666,0.7916666666666666,0.9164152888617358,0,생활환경,2.0,24.0,0.0833333333333333
202406,백현동,107,59,48,4846,26189,-0.990507635163021,2024-06-01,17.0,19.0,0.0,4.0,0.1666666666666666,0.7916666666666666,0.9164152888617358,0,시설노후/파손,17.0,24.0,0.7083333333333334
202401,복정동,96,140,-44,3955,13540,1.1125158027812896,2024-01-01,3.0,3.0,1.0,0.0,0.0,1.0,0.22156573116691286,1,시설노후/파손,3.0,3.0,1.0
202402,복정동,142,158,-16,3955,13540,0.404551201011378,2024-02-01,4.0,4.0,3.0,0.0,0.0,1.0,0.2954209748892171,1,시설노후/파손,4.0,4.0,1.0
202403,복정동,102,114,-12,3955,13540,0.3034134007585335,2024-03-01,1.0,5.0,1.0,1.0,0.1666666666666666,0.8333333333333334,0.4431314623338257,1,불법주정차,1.0,6.0,0.1666666666666666
202403,복정동,102,114,-12,3955,13540,0.3034134007585335,2024-03-01,5.0,5.0,1.0,1.0,0.1666666666666666,0.8333333333333334,0.4431314623338257,1,시설노후/파손,5.0,6.0,0.8333333333333334
202404,복정동,84,91,-7,3955,13540,0.17699115044247787,2024-04-01,4.0,34.0,0.0,4.0,0.1142857142857142,0.9714285714285714,2.58493353028065,1,불법주정차,4.0,35.0,0.1142857142857142
202404,복정동,84,91,-7,3955,13540,0.17699115044247787,2024-04-01,1.0,34.0,0.0,4.0,0.1142857142857142,0.9714285714285714,2.58493353028065,1,생활환경,1.0,35.0,0.0285714285714285
202404,복정동,84,91,-7,3955,13540,0.17699115044247787,2024-04-01,30.0,34.0,0.0,4.0,0.1142857142857142,0.9714285714285714,2.58493353028065,1,시설노후/파손,30.0,35.0,0.8571428571428571
202405,복정동,74,75,-1,3955,13540,0.025284450063211124,2024-05-01,37.0,29.0,0.0,0.0,0.0,0.7837837837837838,2.7326440177252587,1,시설노후/파손,37.0,37.0,1.0
202406,복정동,50,76,-26,3955,13540,0.6573957016434893,2024-06-01,1.0,16.0,0.0,1.0,0.0588235294117647,0.9411764705882353,1.2555391432791727,1,불법주정차,1.0,17.0,0.0588235294117647
202406,복정동,50,76,-26,3955,13540,0.6573957016434893,2024-06-01,16.0,16.0,0.0,1.0,0.0588235294117647,0.9411764705882353,1.2555391432791727,1,시설노후/파손,16.0,17.0,0.9411764705882352
202401,분당동,85,131,-46,4612,24357,0.997398091934085,2024-01-01,1.0,13.0,0.0,0.0,0.0,0.8666666666666667,0.615839389087326,1,공원/녹지,1.0,15.0,0.0666666666666666
202401,분당동,85,131,-46,4612,24357,0.997398091934085,2024-01-01,14.0,13.0,0.0,0.0,0.0,0.8666666666666667,0.615839389087326,1,시설노후/파손,14.0,15.0,0.9333333333333332
202402,분당동,121,117,4,4612,24357,-0.08673026886383348,2024-02-01,8.0,7.0,0.0,0.0,0.0,0.875,0.3284476741799072,0,시설노후/파손,8.0,8.0,1.0
202403,분당동,111,117,-6,4612,24357,0.13009540329575023,2024-03-01,1.0,8.0,0.0,0.0,0.0,1.0,0.3284476741799072,1,불법광고물,1.0,8.0,0.125
202403,분당동,111,117,-6,4612,24357,0.13009540329575023,2024-03-01,1.0,8.0,0.0,0.0,0.0,1.0,0.3284476741799072,1,생활환경,1.0,8.0,0.125
202403,분당동,111,117,-6,4612,24357,0.13009540329575023,2024-03-01,6.0,8.0,0.0,0.0,0.0,1.0,0.3284476741799072,1,시설노후/파손,6.0,8.0,0.75
202404,분당동,92,136,-44,4612,24357,0.9540329575021683,2024-04-01,13.0,13.0,0.0,0.0,0.0,1.0,0.5337274705423493,1,시설노후/파손,13.0,13.0,1.0
202405,분당동,70,101,-31,4612,24357,0.6721595836947094,2024-05-01,67.0,42.0,0.0,0.0,0.0,0.6268656716417911,2.750749271256723,1,시설노후/파손,67.0,67.0,1.0
202406,분당동,65,94,-29,4612,24357,0.6287944492627927,2024-06-01,1.0,7.0,0.0,0.0,0.0,0.5833333333333334,0.49267151126986086,1,공원/녹지,1.0,12.0,0.0833333333333333
202406,분당동,65,94,-29,4612,24357,0.6287944492627927,2024-06-01,11.0,7.0,0.0,0.0,0.0,0.5833333333333334,0.49267151126986086,1,시설노후/파손,11.0,12.0,0.9166666666666666
202401,산성동,10,24,-14,807,4377,1.734820322180917,2024-01-01,0.0,0.0,,0.0,,,0.0,1,기타,,0.0,0.0
202402,산성동,16,14,2,807,4377,-0.24783147459727387,2024-02-01,2.0,1.0,1.0,0.0,0.0,0.5,0.4569339730408956,0,시설노후/파손,2.0,2.0,1.0
202403,산성동,40,19,21,807,4377,-2.6022304832713754,2024-03-01,0.0,0.0,,0.0,,,0.0,0,기타,,0.0,0.0
202404,산성동,17,15,2,807,4377,-0.24783147459727387,2024-04-01,1.0,3.0,0.0,1.0,0.25,0.75,0.9138679460817912,0,불법주정차,1.0,4.0,0.25
202404,산성동,17,15,2,807,4377,-0.24783147459727387,2024-04-01,3.0,3.0,0.0,1.0,0.25,0.75,0.9138679460817912,0,시설노후/파손,3.0,4.0,0.75
202405,산성동,25,17,8,807,4377,-0.9913258983890955,2024-05-01,6.0,3.0,0.0,0.0,0.0,0.5,1.3708019191226868,0,시설노후/파손,6.0,6.0,1.0
202406,산성동,15,14,1,807,4377,-0.12391573729863693,2024-06-01,1.0,4.0,0.0,0.0,0.0,0.5714285714285714,1.5992689056431346,0,불법광고물,1.0,7.0,0.1428571428571428
202406,산성동,15,14,1,807,4377,-0.12391573729863693,2024-06-01,6.0,4.0,0.0,0.0,0.0,0.5714285714285714,1.5992689056431346,0,시설노후/파손,6.0,7.0,0.8571428571428571
202401,삼평동,130,103,27,4051,23520,-0.6665020982473463,2024-01-01,1.0,26.0,0.0,2.0,0.074074074074074,0.9629629629629629,1.1479591836734695,0,공원/녹지,1.0,27.0,0.037037037037037
202401,삼평동,130,103,27,4051,23520,-0.6665020982473463,2024-01-01,4.0,26.0,0.0,2.0,0.074074074074074,0.9629629629629629,1.1479591836734695,0,불법광고물,4.0,27.0,0.1481481481481481
202401,삼평동,130,103,27,4051,23520,-0.6665020982473463,2024-01-01,2.0,26.0,0.0,2.0,0.074074074074074,0.9629629629629629,1.1479591836734695,0,불법주정차,2.0,27.0,0.074074074074074
202401,삼평동,130,103,27,4051,23520,-0.6665020982473463,2024-01-01,20.0,26.0,0.0,2.0,0.074074074074074,0.9629629629629629,1.1479591836734695,0,시설노후/파손,20.0,27.0,0.7407407407407407
202402,삼평동,132,126,6,4051,23520,-0.1481115773882992,2024-02-01,2.0,12.0,0.0,1.0,0.0714285714285714,0.8571428571428571,0.5952380952380953,0,불법광고물,2.0,14.0,0.1428571428571428
202402,삼평동,132,126,6,4051,23520,-0.1481115773882992,2024-02-01,1.0,12.0,0.0,1.0,0.0714285714285714,0.8571428571428571,0.5952380952380953,0,불법주정차,1.0,14.0,0.0714285714285714
202402,삼평동,132,126,6,4051,23520,-0.1481115773882992,2024-02-01,11.0,12.0,0.0,1.0,0.0714285714285714,0.8571428571428571,0.5952380952380953,0,시설노후/파손,11.0,14.0,0.7857142857142857
202403,삼평동,98,107,-9,4051,23520,0.2221673660824488,2024-03-01,1.0,22.0,0.0,2.0,0.0769230769230769,0.8461538461538461,1.1054421768707483,1,불법광고물,1.0,26.0,0.0384615384615384
202403,삼평동,98,107,-9,4051,23520,0.2221673660824488,2024-03-01,2.0,22.0,0.0,2.0,0.0769230769230769,0.8461538461538461,1.1054421768707483,1,불법주정차,2.0,26.0,0.0769230769230769
202403,삼평동,98,107,-9,4051,23520,0.2221673660824488,2024-03-01,23.0,22.0,0.0,2.0,0.0769230769230769,0.8461538461538461,1.1054421768707483,1,시설노후/파손,23.0,26.0,0.8846153846153846
202404,삼평동,107,73,34,4051,23520,-0.8392989385336953,2024-04-01,5.0,34.0,0.0,5.0,0.1388888888888889,0.9444444444444444,1.530612244897959,0,불법주정차,5.0,36.0,0.1388888888888889
202404,삼평동,107,73,34,4051,23520,-0.8392989385336953,2024-04-01,31.0,34.0,0.0,5.0,0.1388888888888889,0.9444444444444444,1.530612244897959,0,시설노후/파손,31.0,36.0,0.8611111111111112
202405,삼평동,80,83,-3,4051,23520,0.0740557886941496,2024-05-01,1.0,148.0,0.0,2.0,0.0103626943005181,0.7668393782383419,8.20578231292517,1,공원/녹지,1.0,193.0,0.005181347150259
202405,삼평동,80,83,-3,4051,23520,0.0740557886941496,2024-05-01,2.0,148.0,0.0,2.0,0.0103626943005181,0.7668393782383419,8.20578231292517,1,불법주정차,2.0,193.0,0.0103626943005181
202405,삼평동,80,83,-3,4051,23520,0.0740557886941496,2024-05-01,190.0,148.0,0.0,2.0,0.0103626943005181,0.7668393782383419,8.20578231292517,1,시설노후/파손,190.0,193.0,0.9844559585492229
202406,삼평동,69,74,-5,4051,23520,0.12342631449024932,2024-06-01,3.0,36.0,0.0,2.0,0.0465116279069767,0.8372093023255814,1.8282312925170068,1,공원/녹지,3.0,43.0,0.0697674418604651
202406,삼평동,69,74,-5,4051,23520,0.12342631449024932,2024-06-01,2.0,36.0,0.0,2.0,0.0465116279069767,0.8372093023255814,1.8282312925170068,1,불법주정차,2.0,43.0,0.0465116279069767
202406,삼평동,69,74,-5,4051,23520,0.12342631449024932,2024-06-01,1.0,36.0,0.0,2.0,0.0465116279069767,0.8372093023255814,1.8282312925170068,1,생활환경,1.0,43.0,0.0232558139534883
202406,삼평동,69,74,-5,4051,23520,0.12342631449024932,2024-06-01,37.0,36.0,0.0,2.0,0.0465116279069767,0.8372093023255814,1.8282312925170068,1,시설노후/파손,37.0,43.0,0.8604651162790697
202401,상대원동,157,186,-29,6644,36193,0.436484045755569,2024-01-01,5.0,50.0,0.0,5.0,0.0925925925925925,0.9259259259259259,1.4920012157046942,1,불법주정차,5.0,54.0,0.0925925925925925
202401,상대원동,157,186,-29,6644,36193,0.436484045755569,2024-01-01,49.0,50.0,0.0,5.0,0.0925925925925925,0.9259259259259259,1.4920012157046942,1,시설노후/파손,49.0,54.0,0.9074074074074074
202402,상대원동,148,152,-4,6644,36193,0.060204695966285374,2024-02-01,3.0,30.0,0.0,3.0,0.0517241379310344,0.5172413793103449,1.6025198242754124,1,불법주정차,3.0,58.0,0.0517241379310344
202402,상대원동,148,152,-4,6644,36193,0.060204695966285374,2024-02-01,1.0,30.0,0.0,3.0,0.0517241379310344,0.5172413793103449,1.6025198242754124,1,생활환경,1.0,58.0,0.0172413793103448
202402,상대원동,148,152,-4,6644,36193,0.060204695966285374,2024-02-01,54.0,30.0,0.0,3.0,0.0517241379310344,0.5172413793103449,1.6025198242754124,1,시설노후/파손,54.0,58.0,0.9310344827586208
202403,상대원동,181,176,5,6644,36193,-0.07525586995785671,2024-03-01,2.0,38.0,0.0,2.0,0.0363636363636363,0.6909090909090909,1.5196308678473738,0,불법주정차,2.0,55.0,0.0363636363636363
202403,상대원동,181,176,5,6644,36193,-0.07525586995785671,2024-03-01,1.0,38.0,0.0,2.0,0.0363636363636363,0.6909090909090909,1.5196308678473738,0,생활환경,1.0,55.0,0.0181818181818181
202403,상대원동,181,176,5,6644,36193,-0.07525586995785671,2024-03-01,52.0,38.0,0.0,2.0,0.0363636363636363,0.6909090909090909,1.5196308678473738,0,시설노후/파손,52.0,55.0,0.9454545454545454
202404,상대원동,132,156,-24,6644,36193,0.3612281757977122,2024-04-01,5.0,87.0,0.0,5.0,0.0505050505050505,0.8787878787878788,2.7353355621252726,1,불법주정차,5.0,99.0,0.0505050505050505
202404,상대원동,132,156,-24,6644,36193,0.3612281757977122,2024-04-01,94.0,87.0,0.0,5.0,0.0505050505050505,0.8787878787878788,2.7353355621252726,1,시설노후/파손,94.0,99.0,0.9494949494949496
202405,상대원동,99,140,-41,6644,36193,0.6170981336544251,2024-05-01,1.0,83.0,1.0,1.0,0.0098039215686274,0.8137254901960784,2.8182245185533112,1,불법주정차,1.0,102.0,0.0098039215686274
202405,상대원동,99,140,-41,6644,36193,0.6170981336544251,2024-05-01,101.0,83.0,1.0,1.0,0.0098039215686274,0.8137254901960784,2.8182245185533112,1,시설노후/파손,101.0,102.0,0.9901960784313726
202406,상대원동,126,175,-49,6644,36193,0.7375075255869958,2024-06-01,1.0,25.0,1.0,1.0,0.025,0.625,1.105186085707181,1,불법주정차,1.0,40.0,0.025
202406,상대원동,126,175,-49,6644,36193,0.7375075255869958,2024-06-01,1.0,25.0,1.0,1.0,0.025,0.625,1.105186085707181,1,생활환경,1.0,40.0,0.025
202406,상대원동,126,175,-49,6644,36193,0.7375075255869958,2024-06-01,38.0,25.0,1.0,1.0,0.025,0.625,1.105186085707181,1,시설노후/파손,38.0,40.0,0.95
202401,서현동,181,232,-51,9213,47803,0.5535656138065776,2024-01-01,1.0,32.0,0.0,3.0,0.081081081081081,0.8648648648648649,0.7740099993724243,1,공원/녹지,1.0,37.0,0.027027027027027
202401,서현동,181,232,-51,9213,47803,0.5535656138065776,2024-01-01,3.0,32.0,0.0,3.0,0.081081081081081,0.8648648648648649,0.7740099993724243,1,불법주정차,3.0,37.0,0.081081081081081
202401,서현동,181,232,-51,9213,47803,0.5535656138065776,2024-01-01,33.0,32.0,0.0,3.0,0.081081081081081,0.8648648648648649,0.7740099993724243,1,시설노후/파손,33.0,37.0,0.8918918918918919
202402,서현동,266,289,-23,9213,47803,0.24964723759904484,2024-02-01,4.0,27.0,0.0,1.0,0.0294117647058823,0.7941176470588235,0.7112524318557413,1,불법광고물,4.0,34.0,0.1176470588235294
202402,서현동,266,289,-23,9213,47803,0.24964723759904484,2024-02-01,1.0,27.0,0.0,1.0,0.0294117647058823,0.7941176470588235,0.7112524318557413,1,불법주정차,1.0,34.0,0.0294117647058823
202402,서현동,266,289,-23,9213,47803,0.24964723759904484,2024-02-01,29.0,27.0,0.0,1.0,0.0294117647058823,0.7941176470588235,0.7112524318557413,1,시설노후/파손,29.0,34.0,0.8529411764705882
202403,서현동,186,216,-30,9213,47803,0.32562683165092804,2024-03-01,4.0,36.0,0.0,3.0,0.073170731707317,0.8780487804878049,0.857686756061335,1,불법광고물,4.0,41.0,0.0975609756097561
202403,서현동,186,216,-30,9213,47803,0.32562683165092804,2024-03-01,3.0,36.0,0.0,3.0,0.073170731707317,0.8780487804878049,0.857686756061335,1,불법주정차,3.0,41.0,0.073170731707317
202403,서현동,186,216,-30,9213,47803,0.32562683165092804,2024-03-01,1.0,36.0,0.0,3.0,0.073170731707317,0.8780487804878049,0.857686756061335,1,생활환경,1.0,41.0,0.024390243902439
202403,서현동,186,216,-30,9213,47803,0.32562683165092804,2024-03-01,33.0,36.0,0.0,3.0,0.073170731707317,0.8780487804878049,0.857686756061335,1,시설노후/파손,33.0,41.0,0.8048780487804879
202404,서현동,169,192,-23,9213,47803,0.24964723759904484,2024-04-01,2.0,63.0,0.0,0.0,0.0,0.9130434782608695,1.4434240528837101,1,불법광고물,2.0,69.0,0.0289855072463768
202404,서현동,169,192,-23,9213,47803,0.24964723759904484,2024-04-01,67.0,63.0,0.0,0.0,0.0,0.9130434782608695,1.4434240528837101,1,시설노후/파손,67.0,69.0,0.9710144927536232
202405,서현동,185,171,14,9213,47803,-0.1519591881037664,2024-05-01,3.0,326.0,0.0,3.0,0.0087976539589442,0.9560117302052786,7.13344350772964,0,불법주정차,3.0,341.0,0.0087976539589442
202405,서현동,185,171,14,9213,47803,-0.1519591881037664,2024-05-01,338.0,326.0,0.0,3.0,0.0087976539589442,0.9560117302052786,7.13344350772964,0,시설노후/파손,338.0,341.0,0.9912023460410556
202406,서현동,177,187,-10,9213,47803,0.10854227721697601,2024-06-01,1.0,82.0,0.0,4.0,0.0421052631578947,0.8631578947368421,1.98732297136163,1,공원/녹지,1.0,95.0,0.0105263157894736
202406,서현동,177,187,-10,9213,47803,0.10854227721697601,2024-06-01,4.0,82.0,0.0,4.0,0.0421052631578947,0.8631578947368421,1.98732297136163,1,불법광고물,4.0,95.0,0.0421052631578947
202406,서현동,177,187,-10,9213,47803,0.10854227721697601,2024-06-01,4.0,82.0,0.0,4.0,0.0421052631578947,0.8631578947368421,1.98732297136163,1,불법주정차,4.0,95.0,0.0421052631578947
202406,서현동,177,187,-10,9213,47803,0.10854227721697601,2024-06-01,2.0,82.0,0.0,4.0,0.0421052631578947,0.8631578947368421,1.98732297136163,1,생활환경,2.0,95.0,0.0210526315789473
202406,서현동,177,187,-10,9213,47803,0.10854227721697601,2024-06-01,84.0,82.0,0.0,4.0,0.0421052631578947,0.8631578947368421,1.98732297136163,1,시설노후/파손,84.0,95.0,0.8842105263157894
202401,성남동,206,237,-31,8130,31792,0.3813038130381304,2024-01-01,2.0,137.0,1.0,3.0,0.0211267605633802,0.9647887323943662,4.4665324609964765,1,불법광고물,2.0,142.0,0.0140845070422535
202401,성남동,206,237,-31,8130,31792,0.3813038130381304,2024-01-01,3.0,137.0,1.0,3.0,0.0211267605633802,0.9647887323943662,4.4665324609964765,1,불법주정차,3.0,142.0,0.0211267605633802
202401,성남동,206,237,-31,8130,31792,0.3813038130381304,2024-01-01,137.0,137.0,1.0,3.0,0.0211267605633802,0.9647887323943662,4.4665324609964765,1,시설노후/파손,137.0,142.0,0.9647887323943662
202402,성남동,262,201,61,8130,31792,-0.7503075030750307,2024-02-01,2.0,111.0,1.0,5.0,0.0352112676056338,0.7816901408450704,4.4665324609964765,0,불법광고물,2.0,142.0,0.0140845070422535
202402,성남동,262,201,61,8130,31792,-0.7503075030750307,2024-02-01,5.0,111.0,1.0,5.0,0.0352112676056338,0.7816901408450704,4.4665324609964765,0,불법주정차,5.0,142.0,0.0352112676056338
202402,성남동,262,201,61,8130,31792,-0.7503075030750307,2024-02-01,135.0,111.0,1.0,5.0,0.0352112676056338,0.7816901408450704,4.4665324609964765,0,시설노후/파손,135.0,142.0,0.9507042253521126
202403,성남동,281,236,45,8130,31792,-0.5535055350553505,2024-03-01,3.0,174.0,1.0,3.0,0.0134529147982062,0.7802690582959642,7.01434323100151,0,불법주정차,3.0,223.0,0.0134529147982062
202403,성남동,281,236,45,8130,31792,-0.5535055350553505,2024-03-01,220.0,174.0,1.0,3.0,0.0134529147982062,0.7802690582959642,7.01434323100151,0,시설노후/파손,220.0,223.0,0.9865470852017936
202404,성남동,234,239,-5,8130,31792,0.06150061500615006,2024-04-01,1.0,167.0,1.0,8.0,0.0408163265306122,0.8520408163265306,6.165072974333166,1,불법광고물,1.0,196.0,0.0051020408163265
202404,성남동,234,239,-5,8130,31792,0.06150061500615006,2024-04-01,8.0,167.0,1.0,8.0,0.0408163265306122,0.8520408163265306,6.165072974333166,1,불법주정차,8.0,196.0,0.0408163265306122
202404,성남동,234,239,-5,8130,31792,0.06150061500615006,2024-04-01,187.0,167.0,1.0,8.0,0.0408163265306122,0.8520408163265306,6.165072974333166,1,시설노후/파손,187.0,196.0,0.9540816326530612
202405,성남동,216,217,-1,8130,31792,0.01230012300123001,2024-05-01,1.0,208.0,1.0,3.0,0.005859375,0.40625,16.10468042274786,1,불법광고물,1.0,512.0,0.001953125
202405,성남동,216,217,-1,8130,31792,0.01230012300123001,2024-05-01,3.0,208.0,1.0,3.0,0.005859375,0.40625,16.10468042274786,1,불법주정차,3.0,512.0,0.005859375
202405,성남동,216,217,-1,8130,31792,0.01230012300123001,2024-05-01,508.0,208.0,1.0,3.0,0.005859375,0.40625,16.10468042274786,1,시설노후/파손,508.0,512.0,0.9921875
202406,성남동,208,179,29,8130,31792,-0.35670356703567035,2024-06-01,1.0,97.0,1.0,2.0,0.0101010101010101,0.4898989898989899,6.227981882234524,0,공원/녹지,1.0,198.0,0.005050505050505
202406,성남동,208,179,29,8130,31792,-0.35670356703567035,2024-06-01,2.0,97.0,1.0,2.0,0.0101010101010101,0.4898989898989899,6.227981882234524,0,불법주정차,2.0,198.0,0.0101010101010101
202406,성남동,208,179,29,8130,31792,-0.35670356703567035,2024-06-01,1.0,97.0,1.0,2.0,0.0101010101010101,0.4898989898989899,6.227981882234524,0,생활환경,1.0,198.0,0.005050505050505
202406,성남동,208,179,29,8130,31792,-0.35670356703567035,2024-06-01,194.0,97.0,1.0,2.0,0.0101010101010101,0.4898989898989899,6.227981882234524,0,시설노후/파손,194.0,198.0,0.9797979797979798
202401,수내동,122,175,-53,6757,41329,0.7843717626165458,2024-01-01,1.0,34.0,0.0,3.0,0.081081081081081,0.918918918918919,0.8952551477170994,1,불법광고물,1.0,37.0,0.027027027027027
202401,수내동,122,175,-53,6757,41329,0.7843717626165458,2024-01-01,3.0,34.0,0.0,3.0,0.081081081081081,0.918918918918919,0.8952551477170994,1,불법주정차,3.0,37.0,0.081081081081081
202401,수내동,122,175,-53,6757,41329,0.7843717626165458,2024-01-01,33.0,34.0,0.0,3.0,0.081081081081081,0.918918918918919,0.8952551477170994,1,시설노후/파손,33.0,37.0,0.8918918918918919
202402,수내동,139,190,-51,6757,41329,0.7547728281781856,2024-02-01,1.0,27.0,0.0,2.0,0.0625,0.84375,0.7742747223499238,1,불법광고물,1.0,32.0,0.03125
202402,수내동,139,190,-51,6757,41329,0.7547728281781856,2024-02-01,2.0,27.0,0.0,2.0,0.0625,0.84375,0.7742747223499238,1,불법주정차,2.0,32.0,0.0625
202402,수내동,139,190,-51,6757,41329,0.7547728281781856,2024-02-01,29.0,27.0,0.0,2.0,0.0625,0.84375,0.7742747223499238,1,시설노후/파손,29.0,32.0,0.90625
202403,수내동,137,174,-37,6757,41329,0.547580287109664,2024-03-01,1.0,46.0,0.0,7.0,0.1320754716981132,0.8679245283018868,1.2823925088920614,1,공원/녹지,1.0,53.0,0.0188679245283018
202403,수내동,137,174,-37,6757,41329,0.547580287109664,2024-03-01,3.0,46.0,0.0,7.0,0.1320754716981132,0.8679245283018868,1.2823925088920614,1,불법광고물,3.0,53.0,0.0566037735849056
202403,수내동,137,174,-37,6757,41329,0.547580287109664,2024-03-01,7.0,46.0,0.0,7.0,0.1320754716981132,0.8679245283018868,1.2823925088920614,1,불법주정차,7.0,53.0,0.1320754716981132
202403,수내동,137,174,-37,6757,41329,0.547580287109664,2024-03-01,2.0,46.0,0.0,7.0,0.1320754716981132,0.8679245283018868,1.2823925088920614,1,생활환경,2.0,53.0,0.0377358490566037
202403,수내동,137,174,-37,6757,41329,0.547580287109664,2024-03-01,40.0,46.0,0.0,7.0,0.1320754716981132,0.8679245283018868,1.2823925088920614,1,시설노후/파손,40.0,53.0,0.7547169811320755
202404,수내동,118,175,-57,6757,41329,0.8435696314932662,2024-04-01,1.0,35.0,0.0,2.0,0.0512820512820512,0.8974358974358975,0.9436473178639696,1,공원/녹지,1.0,39.0,0.0256410256410256
202404,수내동,118,175,-57,6757,41329,0.8435696314932662,2024-04-01,2.0,35.0,0.0,2.0,0.0512820512820512,0.8974358974358975,0.9436473178639696,1,불법주정차,2.0,39.0,0.0512820512820512
202404,수내동,118,175,-57,6757,41329,0.8435696314932662,2024-04-01,36.0,35.0,0.0,2.0,0.0512820512820512,0.8974358974358975,0.9436473178639696,1,시설노후/파손,36.0,39.0,0.9230769230769232
202405,수내동,111,152,-41,6757,41329,0.6067781559863845,2024-05-01,1.0,131.0,0.0,1.0,0.0071942446043165,0.9424460431654677,3.363255825207481,1,불법주정차,1.0,139.0,0.0071942446043165
202405,수내동,111,152,-41,6757,41329,0.6067781559863845,2024-05-01,138.0,131.0,0.0,1.0,0.0071942446043165,0.9424460431654677,3.363255825207481,1,시설노후/파손,138.0,139.0,0.9928057553956836
202406,수내동,91,131,-40,6757,41329,0.5919786887672044,2024-06-01,3.0,38.0,0.0,1.0,0.0238095238095238,0.9047619047619048,1.016235573084275,1,공원/녹지,3.0,42.0,0.0714285714285714
202406,수내동,91,131,-40,6757,41329,0.5919786887672044,2024-06-01,1.0,38.0,0.0,1.0,0.0238095238095238,0.9047619047619048,1.016235573084275,1,불법주정차,1.0,42.0,0.0238095238095238
202406,수내동,91,131,-40,6757,41329,0.5919786887672044,2024-06-01,2.0,38.0,0.0,1.0,0.0238095238095238,0.9047619047619048,1.016235573084275,1,생활환경,2.0,42.0,0.0476190476190476
202406,수내동,91,131,-40,6757,41329,0.5919786887672044,2024-06-01,36.0,38.0,0.0,1.0,0.0238095238095238,0.9047619047619048,1.016235573084275,1,시설노후/파손,36.0,42.0,0.8571428571428571
202401,수진동,102,120,-18,4697,24964,0.3832233340430062,2024-01-01,2.0,28.0,1.0,2.0,0.0689655172413793,0.9655172413793104,1.1616728088447366,1,불법주정차,2.0,29.0,0.0689655172413793
202401,수진동,102,120,-18,4697,24964,0.3832233340430062,2024-01-01,1.0,28.0,1.0,2.0,0.0689655172413793,0.9655172413793104,1.1616728088447366,1,생활환경,1.0,29.0,0.0344827586206896
202401,수진동,102,120,-18,4697,24964,0.3832233340430062,2024-01-01,26.0,28.0,1.0,2.0,0.0689655172413793,0.9655172413793104,1.1616728088447366,1,시설노후/파손,26.0,29.0,0.896551724137931
202402,수진동,83,123,-40,4697,24964,0.8516074089844582,2024-02-01,1.0,20.0,2.0,3.0,0.1153846153846153,0.7692307692307693,1.0414997596539015,1,불법광고물,1.0,26.0,0.0384615384615384
202402,수진동,83,123,-40,4697,24964,0.8516074089844582,2024-02-01,3.0,20.0,2.0,3.0,0.1153846153846153,0.7692307692307693,1.0414997596539015,1,불법주정차,3.0,26.0,0.1153846153846153
202402,수진동,83,123,-40,4697,24964,0.8516074089844582,2024-02-01,1.0,20.0,2.0,3.0,0.1153846153846153,0.7692307692307693,1.0414997596539015,1,생활환경,1.0,26.0,0.0384615384615384
202402,수진동,83,123,-40,4697,24964,0.8516074089844582,2024-02-01,21.0,20.0,2.0,3.0,0.1153846153846153,0.7692307692307693,1.0414997596539015,1,시설노후/파손,21.0,26.0,0.8076923076923077
202403,수진동,99,150,-51,4697,24964,1.0857994464551843,2024-03-01,1.0,17.0,1.0,2.0,0.0833333333333333,0.7083333333333334,0.9613843935266784,1,불법광고물,1.0,24.0,0.0416666666666666
202403,수진동,99,150,-51,4697,24964,1.0857994464551843,2024-03-01,2.0,17.0,1.0,2.0,0.0833333333333333,0.7083333333333334,0.9613843935266784,1,불법주정차,2.0,24.0,0.0833333333333333
202403,수진동,99,150,-51,4697,24964,1.0857994464551843,2024-03-01,21.0,17.0,1.0,2.0,0.0833333333333333,0.7083333333333334,0.9613843935266784,1,시설노후/파손,21.0,24.0,0.875
202404,수진동,126,160,-34,4697,24964,0.7238662976367894,2024-04-01,1.0,45.0,0.0,3.0,0.0612244897959183,0.9183673469387755,1.9628264701169684,1,불법광고물,1.0,49.0,0.0204081632653061
202404,수진동,126,160,-34,4697,24964,0.7238662976367894,2024-04-01,3.0,45.0,0.0,3.0,0.0612244897959183,0.9183673469387755,1.9628264701169684,1,불법주정차,3.0,49.0,0.0612244897959183
202404,수진동,126,160,-34,4697,24964,0.7238662976367894,2024-04-01,45.0,45.0,0.0,3.0,0.0612244897959183,0.9183673469387755,1.9628264701169684,1,시설노후/파손,45.0,49.0,0.9183673469387756
202405,수진동,103,81,22,4697,24964,-0.468384074941452,2024-05-01,1.0,64.0,0.0,1.0,0.0081967213114754,0.5245901639344263,4.887037333760615,0,불법주정차,1.0,122.0,0.0081967213114754
202405,수진동,103,81,22,4697,24964,-0.468384074941452,2024-05-01,121.0,64.0,0.0,1.0,0.0081967213114754,0.5245901639344263,4.887037333760615,0,시설노후/파손,121.0,122.0,0.9918032786885246
202406,수진동,89,98,-9,4697,24964,0.1916116670215031,2024-06-01,1.0,20.0,0.0,0.0,0.0,0.8695652173913043,0.9213267104630668,1,불법광고물,1.0,23.0,0.0434782608695652
202406,수진동,89,98,-9,4697,24964,0.1916116670215031,2024-06-01,22.0,20.0,0.0,0.0,0.0,0.8695652173913043,0.9213267104630668,1,시설노후/파손,22.0,23.0,0.9565217391304348
202401,시흥동,50,42,8,1132,3592,-0.7067137809187279,2024-01-01,7.0,7.0,1.0,0.0,0.0,1.0,1.9487750556792873,0,시설노후/파손,7.0,7.0,1.0
202402,시흥동,32,27,5,1132,3592,-0.441696113074205,2024-02-01,2.0,14.0,1.0,2.0,0.1428571428571428,1.0,3.8975501113585747,0,불법주정차,2.0,14.0,0.1428571428571428
202402,시흥동,32,27,5,1132,3592,-0.441696113074205,2024-02-01,12.0,14.0,1.0,2.0,0.1428571428571428,1.0,3.8975501113585747,0,시설노후/파손,12.0,14.0,0.8571428571428571
202403,시흥동,41,26,15,1132,3592,-1.325088339222615,2024-03-01,16.0,16.0,0.0,0.0,0.0,1.0,4.4543429844097995,0,시설노후/파손,16.0,16.0,1.0
202404,시흥동,38,37,1,1132,3592,-0.08833922261484099,2024-04-01,1.0,9.0,0.0,1.0,0.1,0.9,2.7839643652561246,0,불법주정차,1.0,10.0,0.1
202404,시흥동,38,37,1,1132,3592,-0.08833922261484099,2024-04-01,9.0,9.0,0.0,1.0,0.1,0.9,2.7839643652561246,0,시설노후/파손,9.0,10.0,0.9
202405,시흥동,18,22,-4,1132,3592,0.35335689045936397,2024-05-01,1.0,7.0,0.0,0.0,0.0,0.6363636363636364,3.062360801781737,1,생활환경,1.0,11.0,0.0909090909090909
202405,시흥동,18,22,-4,1132,3592,0.35335689045936397,2024-05-01,10.0,7.0,0.0,0.0,0.0,0.6363636363636364,3.062360801781737,1,시설노후/파손,10.0,11.0,0.9090909090909092
202406,시흥동,31,42,-11,1132,3592,0.9717314487632509,2024-06-01,4.0,4.0,0.0,0.0,0.0,1.0,1.1135857461024499,1,시설노후/파손,4.0,4.0,1.0
202401,신촌동,23,15,8,1195,4452,-0.6694560669456067,2024-01-01,0.0,0.0,,0.0,,,0.0,0,기타,,0.0,0.0
202402,신촌동,22,37,-15,1195,4452,1.2552301255230125,2024-02-01,0.0,0.0,,0.0,,,0.0,1,기타,,0.0,0.0
202403,신촌동,19,16,3,1195,4452,-0.2510460251046025,2024-03-01,0.0,0.0,,0.0,,,0.0,0,기타,,0.0,0.0
202404,신촌동,23,27,-4,1195,4452,0.33472803347280333,2024-04-01,0.0,0.0,,0.0,,,0.0,1,기타,,0.0,0.0
202405,신촌동,33,14,19,1195,4452,-1.5899581589958158,2024-05-01,0.0,0.0,,0.0,,,0.0,0,기타,,0.0,0.0
202406,신촌동,13,25,-12,1195,4452,1.00418410041841,2024-06-01,0.0,0.0,,0.0,,,0.0,1,기타,,0.0,0.0
202401,신흥동,593,162,431,10347,54121,-4.165458587030057,2024-01-01,3.0,49.0,1.0,3.0,0.0545454545454545,0.8909090909090909,1.0162413850446224,0,불법주정차,3.0,55.0,0.0545454545454545
202401,신흥동,593,162,431,10347,54121,-4.165458587030057,2024-01-01,52.0,49.0,1.0,3.0,0.0545454545454545,0.8909090909090909,1.0162413850446224,0,시설노후/파손,52.0,55.0,0.9454545454545454
202402,신흥동,372,184,188,10347,54121,-1.8169517734609064,2024-02-01,1.0,24.0,1.0,0.0,0.0,0.8571428571428571,0.5173592505681713,0,공원/녹지,1.0,28.0,0.0357142857142857
202402,신흥동,372,184,188,10347,54121,-1.8169517734609064,2024-02-01,27.0,24.0,1.0,0.0,0.0,0.8571428571428571,0.5173592505681713,0,시설노후/파손,27.0,28.0,0.9642857142857144
202403,신흥동,332,206,126,10347,54121,-1.2177442737025224,2024-03-01,1.0,27.0,0.0,1.0,0.03125,0.84375,0.5912677149350529,0,불법광고물,1.0,32.0,0.03125
202403,신흥동,332,206,126,10347,54121,-1.2177442737025224,2024-03-01,1.0,27.0,0.0,1.0,0.03125,0.84375,0.5912677149350529,0,불법주정차,1.0,32.0,0.03125
202403,신흥동,332,206,126,10347,54121,-1.2177442737025224,2024-03-01,30.0,27.0,0.0,1.0,0.03125,0.84375,0.5912677149350529,0,시설노후/파손,30.0,32.0,0.9375
202404,신흥동,303,207,96,10347,54121,-0.9278051609162076,2024-04-01,1.0,31.0,0.0,0.0,0.0,0.96875,0.5912677149350529,0,공원/녹지,1.0,32.0,0.03125
202404,신흥동,303,207,96,10347,54121,-0.9278051609162076,2024-04-01,1.0,31.0,0.0,0.0,0.0,0.96875,0.5912677149350529,0,불법광고물,1.0,32.0,0.03125
202404,신흥동,303,207,96,10347,54121,-0.9278051609162076,2024-04-01,30.0,31.0,0.0,0.0,0.0,0.96875,0.5912677149350529,0,시설노후/파손,30.0,32.0,0.9375
202405,신흥동,217,198,19,10347,54121,-0.1836281047646661,2024-05-01,2.0,144.0,0.0,2.0,0.0120481927710843,0.8674698795180723,3.067201271225587,0,불법주정차,2.0,166.0,0.0120481927710843
202405,신흥동,217,198,19,10347,54121,-0.1836281047646661,2024-05-01,2.0,144.0,0.0,2.0,0.0120481927710843,0.8674698795180723,3.067201271225587,0,생활환경,2.0,166.0,0.0120481927710843
202405,신흥동,217,198,19,10347,54121,-0.1836281047646661,2024-05-01,162.0,144.0,0.0,2.0,0.0120481927710843,0.8674698795180723,3.067201271225587,0,시설노후/파손,162.0,166.0,0.9759036144578314
202406,신흥동,214,190,24,10347,54121,-0.2319512902290519,2024-06-01,1.0,38.0,0.0,1.0,0.0256410256410256,0.9743589743589743,0.7206075275770958,0,불법주정차,1.0,39.0,0.0256410256410256
202406,신흥동,214,190,24,10347,54121,-0.2319512902290519,2024-06-01,38.0,38.0,0.0,1.0,0.0256410256410256,0.9743589743589743,0.7206075275770958,0,시설노후/파손,38.0,39.0,0.9743589743589745
202401,야탑동,315,315,0,11839,58565,0.0,2024-01-01,34.0,32.0,0.0,0.0,0.0,0.9411764705882353,0.5805515239477503,0,시설노후/파손,34.0,34.0,1.0
202402,야탑동,289,362,-73,11839,58565,0.6166061322746854,2024-02-01,1.0,33.0,0.0,6.0,0.1428571428571428,0.7857142857142857,0.7171518825236917,1,불법광고물,1.0,42.0,0.0238095238095238
202402,야탑동,289,362,-73,11839,58565,0.6166061322746854,2024-02-01,6.0,33.0,0.0,6.0,0.1428571428571428,0.7857142857142857,0.7171518825236917,1,불법주정차,6.0,42.0,0.1428571428571428
202402,야탑동,289,362,-73,11839,58565,0.6166061322746854,2024-02-01,35.0,33.0,0.0,6.0,0.1428571428571428,0.7857142857142857,0.7171518825236917,1,시설노후/파손,35.0,42.0,0.8333333333333334
202403,야탑동,296,296,0,11839,58565,0.0,2024-03-01,2.0,48.0,0.0,0.0,0.0,0.9230769230769231,0.8879023307436182,0,불법광고물,2.0,52.0,0.0384615384615384
202403,야탑동,296,296,0,11839,58565,0.0,2024-03-01,50.0,48.0,0.0,0.0,0.0,0.9230769230769231,0.8879023307436182,0,시설노후/파손,50.0,52.0,0.9615384615384616
202404,야탑동,268,308,-40,11839,58565,0.33786637384914264,2024-04-01,1.0,42.0,0.0,0.0,0.0,0.8235294117647058,0.8708272859216256,1,불법광고물,1.0,51.0,0.0196078431372549
202404,야탑동,268,308,-40,11839,58565,0.33786637384914264,2024-04-01,1.0,42.0,0.0,0.0,0.0,0.8235294117647058,0.8708272859216256,1,생활환경,1.0,51.0,0.0196078431372549
202404,야탑동,268,308,-40,11839,58565,0.33786637384914264,2024-04-01,49.0,42.0,0.0,0.0,0.0,0.8235294117647058,0.8708272859216256,1,시설노후/파손,49.0,51.0,0.9607843137254902
202405,야탑동,200,276,-76,11839,58565,0.641946110313371,2024-05-01,2.0,327.0,0.0,2.0,0.0056980056980056,0.9316239316239316,5.993340732519423,1,불법주정차,2.0,351.0,0.0056980056980056
202405,야탑동,200,276,-76,11839,58565,0.641946110313371,2024-05-01,349.0,327.0,0.0,2.0,0.0056980056980056,0.9316239316239316,5.993340732519423,1,시설노후/파손,349.0,351.0,0.9943019943019944
202406,야탑동,226,226,0,11839,58565,0.0,2024-06-01,1.0,44.0,0.0,7.0,0.1372549019607843,0.8627450980392157,0.8708272859216256,0,공원/녹지,1.0,51.0,0.0196078431372549
202406,야탑동,226,226,0,11839,58565,0.0,2024-06-01,2.0,44.0,0.0,7.0,0.1372549019607843,0.8627450980392157,0.8708272859216256,0,불법광고물,2.0,51.0,0.0392156862745098
202406,야탑동,226,226,0,11839,58565,0.0,2024-06-01,7.0,44.0,0.0,7.0,0.1372549019607843,0.8627450980392157,0.8708272859216256,0,불법주정차,7.0,51.0,0.1372549019607843
202406,야탑동,226,226,0,11839,58565,0.0,2024-06-01,41.0,44.0,0.0,7.0,0.1372549019607843,0.8627450980392157,0.8708272859216256,0,시설노후/파손,41.0,51.0,0.803921568627451
202401,양지동,34,31,3,1700,8842,-0.17647058823529413,2024-01-01,6.0,5.0,1.0,0.0,0.0,0.8333333333333334,0.6785795068988917,0,시설노후/파손,6.0,6.0,1.0
202402,양지동,37,20,17,1700,8842,-1.0,2024-02-01,1.0,1.0,2.0,0.0,0.0,1.0,0.1130965844831486,0,시설노후/파손,1.0,1.0,1.0
202403,양지동,47,60,-13,1700,8842,0.7647058823529412,2024-03-01,2.0,1.0,2.0,0.0,0.0,0.5,0.2261931689662972,1,시설노후/파손,2.0,2.0,1.0
202404,양지동,23,37,-14,1700,8842,0.823529411764706,2024-04-01,1.0,6.0,0.5,0.0,0.0,0.75,0.9047726758651888,1,공원/녹지,1.0,8.0,0.125
202404,양지동,23,37,-14,1700,8842,0.823529411764706,2024-04-01,3.0,6.0,0.5,0.0,0.0,0.75,0.9047726758651888,1,생활환경,3.0,8.0,0.375
202404,양지동,23,37,-14,1700,8842,0.823529411764706,2024-04-01,4.0,6.0,0.5,0.0,0.0,0.75,0.9047726758651888,1,시설노후/파손,4.0,8.0,0.5
202405,양지동,26,32,-6,1700,8842,0.35294117647058826,2024-05-01,50.0,22.0,0.0,0.0,0.0,0.44,5.654829224157431,1,시설노후/파손,50.0,50.0,1.0
202406,양지동,19,33,-14,1700,8842,0.823529411764706,2024-06-01,1.0,6.0,0.0,1.0,0.125,0.75,0.9047726758651888,1,불법주정차,1.0,8.0,0.125
202406,양지동,19,33,-14,1700,8842,0.823529411764706,2024-06-01,6.0,6.0,0.0,1.0,0.125,0.75,0.9047726758651888,1,생활환경,6.0,8.0,0.75
202406,양지동,19,33,-14,1700,8842,0.823529411764706,2024-06-01,1.0,6.0,0.0,1.0,0.125,0.75,0.9047726758651888,1,시설노후/파손,1.0,8.0,0.125
202401,운중동,121,106,15,6306,38610,-0.23786869647954328,2024-01-01,4.0,12.0,0.0,4.0,0.3076923076923077,0.9230769230769231,0.3367003367003367,0,불법주정차,4.0,13.0,0.3076923076923077
202401,운중동,121,106,15,6306,38610,-0.23786869647954328,2024-01-01,2.0,12.0,0.0,4.0,0.3076923076923077,0.9230769230769231,0.3367003367003367,0,생활환경,2.0,13.0,0.1538461538461538
202401,운중동,121,106,15,6306,38610,-0.23786869647954328,2024-01-01,7.0,12.0,0.0,4.0,0.3076923076923077,0.9230769230769231,0.3367003367003367,0,시설노후/파손,7.0,13.0,0.5384615384615384
202402,운중동,151,88,63,6306,38610,-0.9990485252140819,2024-02-01,1.0,13.0,0.0,1.0,0.0666666666666666,0.8666666666666667,0.3885003885003885,0,불법주정차,1.0,15.0,0.0666666666666666
202402,운중동,151,88,63,6306,38610,-0.9990485252140819,2024-02-01,14.0,13.0,0.0,1.0,0.0666666666666666,0.8666666666666667,0.3885003885003885,0,시설노후/파손,14.0,15.0,0.9333333333333332
202403,운중동,122,94,28,6306,38610,-0.44402156676181415,2024-03-01,30.0,23.0,0.0,0.0,0.0,0.7666666666666667,0.777000777000777,0,시설노후/파손,30.0,30.0,1.0
202404,운중동,108,106,2,6306,38610,-0.03171582619727244,2024-04-01,2.0,19.0,0.0,2.0,0.0909090909090909,0.8636363636363636,0.5698005698005698,0,불법주정차,2.0,22.0,0.0909090909090909
202404,운중동,108,106,2,6306,38610,-0.03171582619727244,2024-04-01,20.0,19.0,0.0,2.0,0.0909090909090909,0.8636363636363636,0.5698005698005698,0,시설노후/파손,20.0,22.0,0.9090909090909092
202405,운중동,116,89,27,6306,38610,-0.4281636536631779,2024-05-01,74.0,43.0,0.0,0.0,0.0,0.581081081081081,1.9166019166019166,0,시설노후/파손,74.0,74.0,1.0
202406,운중동,81,83,-2,6306,38610,0.03171582619727244,2024-06-01,3.0,4.0,4.0,3.0,0.5,0.6666666666666666,0.1554001554001554,1,불법주정차,3.0,6.0,0.5
202406,운중동,81,83,-2,6306,38610,0.03171582619727244,2024-06-01,3.0,4.0,4.0,3.0,0.5,0.6666666666666666,0.1554001554001554,1,시설노후/파손,3.0,6.0,0.5
202401,위례동,195,153,42,7242,45248,-0.579950289975145,2024-01-01,0.0,0.0,,0.0,,,0.0,0,기타,,0.0,0.0
202402,위례동,226,177,49,7242,45248,-0.6766086716376691,2024-02-01,0.0,0.0,,0.0,,,0.0,0,기타,,0.0,0.0
202403,위례동,279,137,142,7242,45248,-1.9607843137254901,2024-03-01,0.0,0.0,,0.0,,,0.0,0,기타,,0.0,0.0
202404,위례동,287,129,158,7242,45248,-2.1817177575255453,2024-04-01,0.0,0.0,,0.0,,,0.0,0,기타,,0.0,0.0
202405,위례동,172,114,58,7242,45248,-0.8008837337752003,2024-05-01,0.0,0.0,,0.0,,,0.0,0,기타,,0.0,0.0
202406,위례동,133,116,17,7242,45248,-0.2347417840375587,2024-06-01,0.0,0.0,,0.0,,,0.0,0,기타,,0.0,0.0
202401,은행동,112,158,-46,6255,29642,0.7354116706634692,2024-01-01,1.0,85.0,0.0,3.0,0.034090909090909,0.9659090909090909,2.9687605424735173,1,공원/녹지,1.0,88.0,0.0113636363636363
202401,은행동,112,158,-46,6255,29642,0.7354116706634692,2024-01-01,3.0,85.0,0.0,3.0,0.034090909090909,0.9659090909090909,2.9687605424735173,1,불법주정차,3.0,88.0,0.034090909090909
202401,은행동,112,158,-46,6255,29642,0.7354116706634692,2024-01-01,84.0,85.0,0.0,3.0,0.034090909090909,0.9659090909090909,2.9687605424735173,1,시설노후/파손,84.0,88.0,0.9545454545454546
202402,은행동,167,182,-15,6255,29642,0.2398081534772182,2024-02-01,1.0,56.0,2.0,1.0,0.0113636363636363,0.6363636363636364,2.9687605424735173,1,불법주정차,1.0,88.0,0.0113636363636363
202402,은행동,167,182,-15,6255,29642,0.2398081534772182,2024-02-01,87.0,56.0,2.0,1.0,0.0113636363636363,0.6363636363636364,2.9687605424735173,1,시설노후/파손,87.0,88.0,0.9886363636363636
202403,은행동,166,170,-4,6255,29642,0.0639488409272582,2024-03-01,92.0,58.0,1.0,0.0,0.0,0.6304347826086957,3.103704203495041,1,시설노후/파손,92.0,92.0,1.0
202404,은행동,142,163,-21,6255,29642,0.3357314148681055,2024-04-01,79.0,57.0,1.0,0.0,0.0,0.7215189873417721,2.6651373051750893,1,시설노후/파손,79.0,79.0,1.0
202405,은행동,128,178,-50,6255,29642,0.7993605115907274,2024-05-01,273.0,183.0,1.0,0.0,0.0,0.6703296703296703,9.20990486471898,1,시설노후/파손,273.0,273.0,1.0
202406,은행동,156,134,22,6255,29642,-0.35171862509992,2024-06-01,1.0,56.0,1.0,1.0,0.0126582278481012,0.7088607594936709,2.6651373051750893,0,불법주정차,1.0,79.0,0.0126582278481012
202406,은행동,156,134,22,6255,29642,-0.35171862509992,2024-06-01,1.0,56.0,1.0,1.0,0.0126582278481012,0.7088607594936709,2.6651373051750893,0,생활환경,1.0,79.0,0.0126582278481012
202406,은행동,156,134,22,6255,29642,-0.35171862509992,2024-06-01,77.0,56.0,1.0,1.0,0.0126582278481012,0.7088607594936709,2.6651373051750893,0,시설노후/파손,77.0,79.0,0.9746835443037974
202401,이매동,135,175,-40,6345,37302,0.6304176516942475,2024-01-01,1.0,11.0,0.0,1.0,0.0666666666666666,0.7333333333333333,0.4021232105517131,1,불법주정차,1.0,15.0,0.0666666666666666
202401,이매동,135,175,-40,6345,37302,0.6304176516942475,2024-01-01,14.0,11.0,0.0,1.0,0.0666666666666666,0.7333333333333333,0.4021232105517131,1,시설노후/파손,14.0,15.0,0.9333333333333332
202402,이매동,97,171,-74,6345,37302,1.1662726556343577,2024-02-01,1.0,7.0,0.0,1.0,0.1428571428571428,1.0,0.18765749825746608,1,불법주정차,1.0,7.0,0.1428571428571428
202402,이매동,97,171,-74,6345,37302,1.1662726556343577,2024-02-01,6.0,7.0,0.0,1.0,0.1428571428571428,1.0,0.18765749825746608,1,시설노후/파손,6.0,7.0,0.8571428571428571
202403,이매동,96,123,-27,6345,37302,0.425531914893617,2024-03-01,2.0,15.0,0.0,2.0,0.1176470588235294,0.8823529411764706,0.4557396386252748,1,불법주정차,2.0,17.0,0.1176470588235294
202403,이매동,96,123,-27,6345,37302,0.425531914893617,2024-03-01,15.0,15.0,0.0,2.0,0.1176470588235294,0.8823529411764706,0.4557396386252748,1,시설노후/파손,15.0,17.0,0.8823529411764706
202404,이매동,116,124,-8,6345,37302,0.1260835303388495,2024-04-01,1.0,10.0,0.0,1.0,0.0833333333333333,0.8333333333333334,0.32169856844137046,1,불법광고물,1.0,12.0,0.0833333333333333
202404,이매동,116,124,-8,6345,37302,0.1260835303388495,2024-04-01,1.0,10.0,0.0,1.0,0.0833333333333333,0.8333333333333334,0.32169856844137046,1,불법주정차,1.0,12.0,0.0833333333333333
202404,이매동,116,124,-8,6345,37302,0.1260835303388495,2024-04-01,10.0,10.0,0.0,1.0,0.0833333333333333,0.8333333333333334,0.32169856844137046,1,시설노후/파손,10.0,12.0,0.8333333333333334
202405,이매동,98,120,-22,6345,37302,0.3467297084318361,2024-05-01,3.0,60.0,0.0,3.0,0.0344827586206896,0.6896551724137931,2.3323146211999357,1,불법주정차,3.0,87.0,0.0344827586206896
202405,이매동,98,120,-22,6345,37302,0.3467297084318361,2024-05-01,84.0,60.0,0.0,3.0,0.0344827586206896,0.6896551724137931,2.3323146211999357,1,시설노후/파손,84.0,87.0,0.9655172413793104
202406,이매동,76,99,-23,6345,37302,0.3624901497241923,2024-06-01,1.0,7.0,0.0,1.0,0.0625,0.4375,0.4289314245884939,1,불법주정차,1.0,16.0,0.0625
202406,이매동,76,99,-23,6345,37302,0.3624901497241923,2024-06-01,15.0,7.0,0.0,1.0,0.0625,0.4375,0.4289314245884939,1,시설노후/파손,15.0,16.0,0.9375
202401,정자동,385,426,-41,15829,74458,0.2590182576284036,2024-01-01,4.0,68.0,0.0,2.0,0.0285714285714285,0.9714285714285714,0.9401273200999221,1,불법광고물,4.0,70.0,0.0571428571428571
202401,정자동,385,426,-41,15829,74458,0.2590182576284036,2024-01-01,2.0,68.0,0.0,2.0,0.0285714285714285,0.9714285714285714,0.9401273200999221,1,불법주정차,2.0,70.0,0.0285714285714285
202401,정자동,385,426,-41,15829,74458,0.2590182576284036,2024-01-01,64.0,68.0,0.0,2.0,0.0285714285714285,0.9714285714285714,0.9401273200999221,1,시설노후/파손,64.0,70.0,0.9142857142857144
202402,정자동,443,506,-63,15829,74458,0.39800366416071764,2024-02-01,3.0,36.0,0.0,5.0,0.125,0.9,0.5372156114856698,1,불법광고물,3.0,40.0,0.075
202402,정자동,443,506,-63,15829,74458,0.39800366416071764,2024-02-01,5.0,36.0,0.0,5.0,0.125,0.9,0.5372156114856698,1,불법주정차,5.0,40.0,0.125
202402,정자동,443,506,-63,15829,74458,0.39800366416071764,2024-02-01,32.0,36.0,0.0,5.0,0.125,0.9,0.5372156114856698,1,시설노후/파손,32.0,40.0,0.8
202403,정자동,390,441,-51,15829,74458,0.3221934424158191,2024-03-01,3.0,70.0,0.0,3.0,0.0394736842105263,0.9210526315789473,1.0207096618227727,1,불법주정차,3.0,76.0,0.0394736842105263
202403,정자동,390,441,-51,15829,74458,0.3221934424158191,2024-03-01,1.0,70.0,0.0,3.0,0.0394736842105263,0.9210526315789473,1.0207096618227727,1,생활환경,1.0,76.0,0.0131578947368421
202403,정자동,390,441,-51,15829,74458,0.3221934424158191,2024-03-01,72.0,70.0,0.0,3.0,0.0394736842105263,0.9210526315789473,1.0207096618227727,1,시설노후/파손,72.0,76.0,0.9473684210526316
202404,정자동,389,416,-27,15829,74458,0.17057299892602187,2024-04-01,4.0,73.0,0.0,0.0,0.0,0.9864864864864865,0.993848881248489,1,불법광고물,4.0,74.0,0.054054054054054
202404,정자동,389,416,-27,15829,74458,0.17057299892602187,2024-04-01,1.0,73.0,0.0,0.0,0.0,0.9864864864864865,0.993848881248489,1,생활환경,1.0,74.0,0.0135135135135135
202404,정자동,389,416,-27,15829,74458,0.17057299892602187,2024-04-01,69.0,73.0,0.0,0.0,0.0,0.9864864864864865,0.993848881248489,1,시설노후/파손,69.0,74.0,0.9324324324324323
202405,정자동,376,399,-23,15829,74458,0.14530292501105566,2024-05-01,4.0,183.0,0.0,4.0,0.0153256704980842,0.7011494252873564,3.5053318649439955,1,불법주정차,4.0,261.0,0.0153256704980842
202405,정자동,376,399,-23,15829,74458,0.14530292501105566,2024-05-01,257.0,183.0,0.0,4.0,0.0153256704980842,0.7011494252873564,3.5053318649439955,1,시설노후/파손,257.0,261.0,0.9846743295019156
202406,정자동,335,311,24,15829,74458,-0.15162044348979722,2024-06-01,2.0,33.0,0.0,4.0,0.0869565217391304,0.717391304347826,0.6177979532085203,0,불법광고물,2.0,46.0,0.0434782608695652
202406,정자동,335,311,24,15829,74458,-0.15162044348979722,2024-06-01,4.0,33.0,0.0,4.0,0.0869565217391304,0.717391304347826,0.6177979532085203,0,불법주정차,4.0,46.0,0.0869565217391304
202406,정자동,335,311,24,15829,74458,-0.15162044348979722,2024-06-01,2.0,33.0,0.0,4.0,0.0869565217391304,0.717391304347826,0.6177979532085203,0,생활환경,2.0,46.0,0.0434782608695652
202406,정자동,335,311,24,15829,74458,-0.15162044348979722,2024-06-01,38.0,33.0,0.0,4.0,0.0869565217391304,0.717391304347826,0.6177979532085203,0,시설노후/파손,38.0,46.0,0.8260869565217391
202401,중앙동,61,68,-7,2752,16540,0.2543604651162791,2024-01-01,9.0,9.0,1.0,0.0,0.0,1.0,0.5441354292623942,1,시설노후/파손,9.0,9.0,1.0
202402,중앙동,57,50,7,2752,16540,-0.2543604651162791,2024-02-01,38.0,35.0,3.0,0.0,0.0,0.9210526315789473,2.2974607013301087,0,시설노후/파손,38.0,38.0,1.0
202403,중앙동,46,61,-15,2752,16540,0.5450581395348837,2024-03-01,25.0,21.0,1.0,0.0,0.0,0.84,1.5114873035066505,1,시설노후/파손,25.0,25.0,1.0
202404,중앙동,65,72,-7,2752,16540,0.2543604651162791,2024-04-01,1.0,9.0,0.0,0.0,0.0,0.6923076923076923,0.7859733978234582,1,불법광고물,1.0,13.0,0.0769230769230769
202404,중앙동,65,72,-7,2752,16540,0.2543604651162791,2024-04-01,12.0,9.0,0.0,0.0,0.0,0.6923076923076923,0.7859733978234582,1,시설노후/파손,12.0,13.0,0.9230769230769232
202405,중앙동,33,35,-2,2752,16540,0.07267441860465117,2024-05-01,56.0,48.0,1.0,0.0,0.0,0.8571428571428571,3.385731559854897,1,시설노후/파손,56.0,56.0,1.0
202406,중앙동,39,37,2,2752,16540,-0.07267441860465117,2024-06-01,1.0,6.0,1.0,1.0,0.0909090909090909,0.5454545454545454,0.6650544135429263,0,불법주정차,1.0,11.0,0.0909090909090909
202406,중앙동,39,37,2,2752,16540,-0.07267441860465117,2024-06-01,10.0,6.0,1.0,1.0,0.0909090909090909,0.5454545454545454,0.6650544135429263,0,시설노후/파손,10.0,11.0,0.9090909090909092
202401,태평동,218,297,-79,10677,49428,0.7399082139177672,2024-01-01,1.0,71.0,1.0,1.0,0.0140845070422535,1.0,1.4364327911305332,1,불법광고물,1.0,71.0,0.0140845070422535
202401,태평동,218,297,-79,10677,49428,0.7399082139177672,2024-01-01,1.0,71.0,1.0,1.0,0.0140845070422535,1.0,1.4364327911305332,1,불법주정차,1.0,71.0,0.0140845070422535
202401,태평동,218,297,-79,10677,49428,0.7399082139177672,2024-01-01,69.0,71.0,1.0,1.0,0.0140845070422535,1.0,1.4364327911305332,1,시설노후/파손,69.0,71.0,0.971830985915493
202402,태평동,262,337,-75,10677,49428,0.7024445068839561,2024-02-01,7.0,28.0,1.0,7.0,0.2058823529411764,0.8235294117647058,0.6878692239216638,1,불법주정차,7.0,34.0,0.2058823529411764
202402,태평동,262,337,-75,10677,49428,0.7024445068839561,2024-02-01,27.0,28.0,1.0,7.0,0.2058823529411764,0.8235294117647058,0.6878692239216638,1,시설노후/파손,27.0,34.0,0.7941176470588235
202403,태평동,274,408,-134,10677,49428,1.2550341856326683,2024-03-01,4.0,18.0,1.0,4.0,0.1481481481481481,0.6666666666666666,0.5462490895848506,1,불법주정차,4.0,27.0,0.1481481481481481
202403,태평동,274,408,-134,10677,49428,1.2550341856326683,2024-03-01,23.0,18.0,1.0,4.0,0.1481481481481481,0.6666666666666666,0.5462490895848506,1,시설노후/파손,23.0,27.0,0.8518518518518519
202404,태평동,229,358,-129,10677,49428,1.2082045518404048,2024-04-01,2.0,33.0,0.0,2.0,0.054054054054054,0.8918918918918919,0.7485635672088694,1,불법주정차,2.0,37.0,0.054054054054054
202404,태평동,229,358,-129,10677,49428,1.2082045518404048,2024-04-01,35.0,33.0,0.0,2.0,0.054054054054054,0.8918918918918919,0.7485635672088694,1,시설노후/파손,35.0,37.0,0.945945945945946
202405,태평동,274,296,-22,10677,49428,0.20605038868596048,2024-05-01,1.0,112.0,0.0,1.0,0.0054054054054054,0.6054054054054054,3.742817836044347,1,불법주정차,1.0,185.0,0.0054054054054054
202405,태평동,274,296,-22,10677,49428,0.20605038868596048,2024-05-01,184.0,112.0,0.0,1.0,0.0054054054054054,0.6054054054054054,3.742817836044347,1,시설노후/파손,184.0,185.0,0.9945945945945946
202406,태평동,212,283,-71,10677,49428,0.6649807998501451,2024-06-01,1.0,44.0,0.0,4.0,0.0701754385964912,0.7719298245614035,1.153192522456907,1,공원/녹지,1.0,57.0,0.0175438596491228
202406,태평동,212,283,-71,10677,49428,0.6649807998501451,2024-06-01,3.0,44.0,0.0,4.0,0.0701754385964912,0.7719298245614035,1.153192522456907,1,불법광고물,3.0,57.0,0.0526315789473684
202406,태평동,212,283,-71,10677,49428,0.6649807998501451,2024-06-01,4.0,44.0,0.0,4.0,0.0701754385964912,0.7719298245614035,1.153192522456907,1,불법주정차,4.0,57.0,0.0701754385964912
202406,태평동,212,283,-71,10677,49428,0.6649807998501451,2024-06-01,49.0,44.0,0.0,4.0,0.0701754385964912,0.7719298245614035,1.153192522456907,1,시설노후/파손,49.0,57.0,0.8596491228070176
202401,판교동,58,93,-35,3699,26324,0.9462016761286834,2024-01-01,2.0,24.0,0.0,2.0,0.08,0.96,0.9497036924479563,1,불법주정차,2.0,25.0,0.08
202401,판교동,58,93,-35,3699,26324,0.9462016761286834,2024-01-01,23.0,24.0,0.0,2.0,0.08,0.96,0.9497036924479563,1,시설노후/파손,23.0,25.0,0.92
202402,판교동,71,89,-18,3699,26324,0.48661800486618007,2024-02-01,2.0,15.0,0.0,2.0,0.1052631578947368,0.7894736842105263,0.7217748062604468,1,불법주정차,2.0,19.0,0.1052631578947368
202402,판교동,71,89,-18,3699,26324,0.48661800486618007,2024-02-01,17.0,15.0,0.0,2.0,0.1052631578947368,0.7894736842105263,0.7217748062604468,1,시설노후/파손,17.0,19.0,0.8947368421052632
202403,판교동,72,77,-5,3699,26324,0.13517166801838335,2024-03-01,1.0,11.0,0.0,0.0,0.0,0.9166666666666666,0.45585777237501895,1,생활환경,1.0,12.0,0.0833333333333333
202403,판교동,72,77,-5,3699,26324,0.13517166801838335,2024-03-01,11.0,11.0,0.0,0.0,0.0,0.9166666666666666,0.45585777237501895,1,시설노후/파손,11.0,12.0,0.9166666666666666
202404,판교동,94,77,17,3699,26324,-0.4595836712625033,2024-04-01,2.0,20.0,0.0,2.0,0.0909090909090909,0.9090909090909091,0.8357392493542015,0,불법주정차,2.0,22.0,0.0909090909090909
202404,판교동,94,77,17,3699,26324,-0.4595836712625033,2024-04-01,20.0,20.0,0.0,2.0,0.0909090909090909,0.9090909090909091,0.8357392493542015,0,시설노후/파손,20.0,22.0,0.9090909090909092
202405,판교동,59,60,-1,3699,26324,0.027034333603676672,2024-05-01,1.0,82.0,0.0,1.0,0.0088495575221238,0.7256637168141593,4.2926606898647615,1,불법주정차,1.0,113.0,0.0088495575221238
202405,판교동,59,60,-1,3699,26324,0.027034333603676672,2024-05-01,112.0,82.0,0.0,1.0,0.0088495575221238,0.7256637168141593,4.2926606898647615,1,시설노후/파손,112.0,113.0,0.991150442477876
202406,판교동,62,46,16,3699,26324,-0.43254933765882675,2024-06-01,27.0,25.0,0.0,0.0,0.0,0.9259259259259259,1.0256799878437928,0,시설노후/파손,27.0,27.0,1.0
202401,하대원동,65,91,-26,3670,19467,0.7084468664850135,2024-01-01,2.0,43.0,1.0,2.0,0.0444444444444444,0.9555555555555556,2.311604253351826,1,불법주정차,2.0,45.0,0.0444444444444444
202401,하대원동,65,91,-26,3670,19467,0.7084468664850135,2024-01-01,43.0,43.0,1.0,2.0,0.0444444444444444,0.9555555555555556,2.311604253351826,1,시설노후/파손,43.0,45.0,0.9555555555555556
202402,하대원동,83,86,-3,3670,19467,0.08174386920980926,2024-02-01,1.0,51.0,0.0,2.0,0.03125,0.796875,3.287614938100375,1,불법광고물,1.0,64.0,0.015625
202402,하대원동,83,86,-3,3670,19467,0.08174386920980926,2024-02-01,2.0,51.0,0.0,2.0,0.03125,0.796875,3.287614938100375,1,불법주정차,2.0,64.0,0.03125
202402,하대원동,83,86,-3,3670,19467,0.08174386920980926,2024-02-01,61.0,51.0,0.0,2.0,0.03125,0.796875,3.287614938100375,1,시설노후/파손,61.0,64.0,0.953125
202403,하대원동,105,90,15,3670,19467,-0.4087193460490463,2024-03-01,1.0,40.0,0.0,2.0,0.0425531914893617,0.851063829787234,2.414342220167463,0,불법광고물,1.0,47.0,0.0212765957446808
202403,하대원동,105,90,15,3670,19467,-0.4087193460490463,2024-03-01,2.0,40.0,0.0,2.0,0.0425531914893617,0.851063829787234,2.414342220167463,0,불법주정차,2.0,47.0,0.0425531914893617
202403,하대원동,105,90,15,3670,19467,-0.4087193460490463,2024-03-01,1.0,40.0,0.0,2.0,0.0425531914893617,0.851063829787234,2.414342220167463,0,생활환경,1.0,47.0,0.0212765957446808
202403,하대원동,105,90,15,3670,19467,-0.4087193460490463,2024-03-01,43.0,40.0,0.0,2.0,0.0425531914893617,0.851063829787234,2.414342220167463,0,시설노후/파손,43.0,47.0,0.9148936170212766
202404,하대원동,81,73,8,3670,19467,-0.21798365122615804,2024-04-01,1.0,29.0,1.0,1.0,0.0303030303030303,0.8787878787878788,1.6951764524580057,0,불법주정차,1.0,33.0,0.0303030303030303
202404,하대원동,81,73,8,3670,19467,-0.21798365122615804,2024-04-01,32.0,29.0,1.0,1.0,0.0303030303030303,0.8787878787878788,1.6951764524580057,0,시설노후/파손,32.0,33.0,0.9696969696969696
202405,하대원동,64,54,10,3670,19467,-0.2724795640326975,2024-05-01,1.0,15.0,1.0,0.0,0.0,0.46875,1.6438074690501876,0,생활환경,1.0,32.0,0.03125
202405,하대원동,64,54,10,3670,19467,-0.2724795640326975,2024-05-01,31.0,15.0,1.0,0.0,0.0,0.46875,1.6438074690501876,0,시설노후/파손,31.0,32.0,0.96875
202406,하대원동,66,63,3,3670,19467,-0.08174386920980926,2024-06-01,2.0,21.0,1.0,2.0,0.0714285714285714,0.75,1.438331535418914,0,불법주정차,2.0,28.0,0.0714285714285714
202406,하대원동,66,63,3,3670,19467,-0.08174386920980926,2024-06-01,26.0,21.0,1.0,2.0,0.0714285714285714,0.75,1.438331535418914,0,시설노후/파손,26.0,28.0,0.9285714285714286
